<?xml version="1.0" encoding="utf-8"?>

<wordlist> 
  <words> 
    <word>a</word>  
    <translate>art. 一；任一；每一</translate>  
    <title>新课标a.xml</title> 
  </words>  
  <words> 
    <word>abandon</word>  
    <translate>n. 放任；狂热 vt. 遗弃；放弃</translate>  
    <title>新课标a.xml</title> 
  </words>  
  <words> 
    <word>ability</word>  
    <translate>n. 能力，能耐；才能</translate>  
    <title>新课标a.xml</title> 
  </words>  
  <words> 
    <word>able</word>  
    <translate>adj. 能；[经管] 有能力的；能干的 n. (Able)人名；(伊朗)阿布勒；(英)埃布尔</translate>  
    <title>新课标a.xml</title> 
  </words>  
  <words> 
    <word>abnormal</word>  
    <translate>adj. 反常的，不规则的；变态的</translate>  
    <title>新课标a.xml</title> 
  </words>  
  <words> 
    <word>aboard</word>  
    <translate>adv. 在飞机上；[船] 在船上；在火车上 prep. 在…上</translate>  
    <title>新课标a.xml</title> 
  </words>  
  <words> 
    <word>abolish</word>  
    <translate>vt. 废除，废止；取消，革除</translate>  
    <title>新课标a.xml</title> 
  </words>  
  <words> 
    <word>abortion</word>  
    <translate>n. 流产，堕胎，小产；流产的胎儿；（计划等）失败，夭折</translate>  
    <title>新课标a.xml</title> 
  </words>  
  <words> 
    <word>about</word>  
    <translate>prep. 关于；大约 adj. 在附近的；四处走动的；在起作用的 adv. 大约；周围；到处 n. 大致；粗枝大叶；不拘小节的人 n. (About)人名；(法)阿布</translate>  
    <title>新课标a.xml</title> 
  </words>  
  <words> 
    <word>above</word>  
    <translate>prep. 超过；在……上面；在……之上 adv. 在上面；在上文 adj. 上文的 n. 上文</translate>  
    <title>新课标a.xml</title> 
  </words>  
  <words> 
    <word>abroad</word>  
    <translate>adv. 在国外；到海外 adj. 往国外的 n. 海外；异国</translate>  
    <title>新课标a.xml</title> 
  </words>  
  <words> 
    <word>abrupt</word>  
    <translate>adj. 生硬的；突然的；唐突的；陡峭的</translate>  
    <title>新课标a.xml</title> 
  </words>  
  <words> 
    <word>absence</word>  
    <translate>n. 没有；缺乏；缺席；不注意</translate>  
    <title>新课标a.xml</title> 
  </words>  
  <words> 
    <word>absent</word>  
    <translate>adj. 缺席的；缺少的；心不在焉的；茫然的 vt. 使缺席</translate>  
    <title>新课标a.xml</title> 
  </words>  
  <words> 
    <word>absolute</word>  
    <translate>adj. 绝对的；完全的；专制的 n. 绝对；绝对事物</translate>  
    <title>新课标a.xml</title> 
  </words>  
  <words> 
    <word>absorb</word>  
    <translate>vt. 吸收；吸引；承受；理解；使…全神贯注</translate>  
    <title>新课标a.xml</title> 
  </words>  
  <words> 
    <word>abstract</word>  
    <translate>n. 摘要；抽象；抽象的概念 adj. 抽象的；深奥的 vt. 摘要；提取；使……抽象化；转移(注意力、兴趣等)；使心不在焉 vi. 做摘要；写梗概</translate>  
    <title>新课标a.xml</title> 
  </words>  
  <words> 
    <word>absurd</word>  
    <translate>adj. 荒谬的；可笑的 n. 荒诞；荒诞作品</translate>  
    <title>新课标a.xml</title> 
  </words>  
  <words> 
    <word>abundant</word>  
    <translate>adj. 丰富的；充裕的；盛产</translate>  
    <title>新课标a.xml</title> 
  </words>  
  <words> 
    <word>abuse</word>  
    <translate>n. 滥用；虐待；辱骂；弊端；恶习，陋习 vt. 滥用；虐待；辱骂 n. (Abuse)人名；(英)阿比斯</translate>  
    <title>新课标a.xml</title> 
  </words>  
  <words> 
    <word>academic</word>  
    <translate>adj. 学术的；理论的；学院的 n. 大学生，大学教师；学者</translate>  
    <title>新课标a.xml</title> 
  </words>  
  <words> 
    <word>academy</word>  
    <translate>n. 学院；研究院；学会；专科院校</translate>  
    <title>新课标a.xml</title> 
  </words>  
  <words> 
    <word>accelerate</word>  
    <translate>vt. 使……加快；使……增速 vi. 加速；促进；增加</translate>  
    <title>新课标a.xml</title> 
  </words>  
  <words> 
    <word>accent</word>  
    <translate>n. 口音；重音；强调；特点；重音符号 vt. 强调；重读；带…口音讲话</translate>  
    <title>新课标a.xml</title> 
  </words>  
  <words> 
    <word>accept</word>  
    <translate>vt. 接受；承认；承担；承兑；容纳 vi. 承认；同意；承兑</translate>  
    <title>新课标a.xml</title> 
  </words>  
  <words> 
    <word>access</word>  
    <translate>vt. 使用；存取；接近 n. 进入；使用权；通路</translate>  
    <title>新课标a.xml</title> 
  </words>  
  <words> 
    <word>accessible</word>  
    <translate>adj. 易接近的；可进入的；可理解的</translate>  
    <title>新课标a.xml</title> 
  </words>  
  <words> 
    <word>accident</word>  
    <translate>n. 事故；意外；[法] 意外事件；机遇</translate>  
    <title>新课标a.xml</title> 
  </words>  
  <words> 
    <word>accommodation</word>  
    <translate>n. 住处，膳宿；调节；和解；预订铺位</translate>  
    <title>新课标a.xml</title> 
  </words>  
  <words> 
    <word>accompany</word>  
    <translate>vt. 陪伴，伴随；伴奏 vi. 伴奏，伴唱</translate>  
    <title>新课标a.xml</title> 
  </words>  
  <words> 
    <word>accomplish</word>  
    <translate>vt. 完成；实现；达到</translate>  
    <title>新课标a.xml</title> 
  </words>  
  <words> 
    <word>account</word>  
    <translate>n. 账户；解释；账目，账单；理由；描述 vi. 解释；导致；报账 vt. 认为；把…视为</translate>  
    <title>新课标a.xml</title> 
  </words>  
  <words> 
    <word>accountant</word>  
    <translate>n. 会计师；会计人员</translate>  
    <title>新课标a.xml</title> 
  </words>  
  <words> 
    <word>accumulate</word>  
    <translate>vi. 累积；积聚 vt. 积攒</translate>  
    <title>新课标a.xml</title> 
  </words>  
  <words> 
    <word>accuracy</word>  
    <translate>n. [数] 精确度，准确性</translate>  
    <title>新课标a.xml</title> 
  </words>  
  <words> 
    <word>accurate</word>  
    <translate>adj. 精确的</translate>  
    <title>新课标a.xml</title> 
  </words>  
  <words> 
    <word>accuse</word>  
    <translate>vt. 控告，指控；谴责；归咎于 vi. 指责；控告</translate>  
    <title>新课标a.xml</title> 
  </words>  
  <words> 
    <word>accustomed</word>  
    <translate>adj. 习惯的；通常的；独有的 v. 使习惯于（accustom的过去分词）</translate>  
    <title>新课标a.xml</title> 
  </words>  
  <words> 
    <word>ache</word>  
    <translate>vi. 疼痛；渴望 n. 疼痛 n. (Ache)人名；(德)阿赫；(西)阿切</translate>  
    <title>新课标a.xml</title> 
  </words>  
  <words> 
    <word>achieve</word>  
    <translate>vt. 取得；获得；实现；成功 vi. 达到预期的目的，实现预期的结果，如愿以偿</translate>  
    <title>新课标a.xml</title> 
  </words>  
  <words> 
    <word>achievement</word>  
    <translate>n. 成就；完成；达到；成绩</translate>  
    <title>新课标a.xml</title> 
  </words>  
  <words> 
    <word>acid</word>  
    <translate>n. 酸；迷幻药 adj. 酸的；讽刺的；刻薄的</translate>  
    <title>新课标a.xml</title> 
  </words>  
  <words> 
    <word>ackonwledge</word>  
    <translate>acknowledge:vt. 承认；答谢；报偿；告知已收到</translate>  
    <title>新课标a.xml</title> 
  </words>  
  <words> 
    <word>acquaintance</word>  
    <translate>n. 熟人；相识；了解；知道</translate>  
    <title>新课标a.xml</title> 
  </words>  
  <words> 
    <word>acquire</word>  
    <translate>vt. 获得；取得；学到；捕获</translate>  
    <title>新课标a.xml</title> 
  </words>  
  <words> 
    <word>acquisition</word>  
    <translate>n. 获得物，获得；收购</translate>  
    <title>新课标a.xml</title> 
  </words>  
  <words> 
    <word>acre</word>  
    <translate>n. 土地，地产；英亩</translate>  
    <title>新课标a.xml</title> 
  </words>  
  <words> 
    <word>across</word>  
    <translate>prep. 穿过；横穿 adv. 横过；在对面</translate>  
    <title>新课标a.xml</title> 
  </words>  
  <words> 
    <word>act</word>  
    <translate>n. 行为，行动；法案，法令；假装；（戏剧，歌剧等）一幕 v. 做事，行动；假装；扮演（戏剧，电影中的角色）；充当，起作用；对…有影响 n. (ACT)美国大学入学考试，全称是American College Testing</translate>  
    <title>新课标a.xml</title> 
  </words>  
  <words> 
    <word>action</word>  
    <translate>n. 行动；活动；功能；战斗；情节 n. (Action)人名；(英)埃克申</translate>  
    <title>新课标a.xml</title> 
  </words>  
  <words> 
    <word>active</word>  
    <translate>adj. 积极的；活跃的；主动的；有效的；现役的 n. 主动语态；积极分子</translate>  
    <title>新课标a.xml</title> 
  </words>  
  <words> 
    <word>activity</word>  
    <translate>n. 活动；行动；活跃</translate>  
    <title>新课标a.xml</title> 
  </words>  
  <words> 
    <word>actor</word>  
    <translate>n. 男演员；行动者；作用物</translate>  
    <title>新课标a.xml</title> 
  </words>  
  <words> 
    <word>actress</word>  
    <translate>n. 女演员</translate>  
    <title>新课标a.xml</title> 
  </words>  
  <words> 
    <word>actual</word>  
    <translate>adj. 真实的，实际的；现行的，目前的</translate>  
    <title>新课标a.xml</title> 
  </words>  
  <words> 
    <word>acute</word>  
    <translate>adj. 严重的，[医] 急性的；敏锐的；激烈的；尖声的</translate>  
    <title>新课标a.xml</title> 
  </words>  
  <words> 
    <word>AD</word>  
    <translate>n. 公元；广告（ad）</translate>  
    <title>新课标a.xml</title> 
  </words>  
  <words> 
    <word>ad</word>  
    <translate>n. 公元</translate>  
    <title>新课标a.xml</title> 
  </words>  
  <words> 
    <word>adapt</word>  
    <translate>vt. 使适应；改编 vi. 适应</translate>  
    <title>新课标a.xml</title> 
  </words>  
  <words> 
    <word>adaptation</word>  
    <translate>n. 适应；改编；改编本，改写本</translate>  
    <title>新课标a.xml</title> 
  </words>  
  <words> 
    <word>add</word>  
    <translate>vi. 加；增加；加起来；做加法 vt. 增加，添加；补充说；计算…总和 n. 加法，加法运算</translate>  
    <title>新课标a.xml</title> 
  </words>  
  <words> 
    <word>addicted</word>  
    <translate>adj. 沉溺于某种（尤其是不良的）嗜好的；入了迷的，上了瘾的 v. 使…上瘾（addict的过去分词）</translate>  
    <title>新课标a.xml</title> 
  </words>  
  <words> 
    <word>addition</word>  
    <translate>n. 添加；[数] 加法；增加物</translate>  
    <title>新课标a.xml</title> 
  </words>  
  <words> 
    <word>address</word>  
    <translate>vt. 演说；从事；忙于；写姓名地址；向…致辞；与…说话；提出；处理 n. 地址；演讲；致辞；说话的技巧；称呼</translate>  
    <title>新课标a.xml</title> 
  </words>  
  <words> 
    <word>adequate</word>  
    <translate>adj. 充足的；适当的；胜任的</translate>  
    <title>新课标a.xml</title> 
  </words>  
  <words> 
    <word>adjust</word>  
    <translate>vt. 调整，使…适合；校准 vi. 调整，校准；适应</translate>  
    <title>新课标a.xml</title> 
  </words>  
  <words> 
    <word>adjustment</word>  
    <translate>n. 调整，调节；调节器</translate>  
    <title>新课标a.xml</title> 
  </words>  
  <words> 
    <word>administration</word>  
    <translate>n. 管理；行政；实施；行政机构</translate>  
    <title>新课标a.xml</title> 
  </words>  
  <words> 
    <word>admirable</word>  
    <translate>adj. 令人钦佩的；极好的；值得赞扬的</translate>  
    <title>新课标a.xml</title> 
  </words>  
  <words> 
    <word>admire</word>  
    <translate>vt. 钦佩；赞美 vi. 钦佩；称赞</translate>  
    <title>新课标a.xml</title> 
  </words>  
  <words> 
    <word>admission</word>  
    <translate>n. 承认；入场费；进入许可；坦白；录用</translate>  
    <title>新课标a.xml</title> 
  </words>  
  <words> 
    <word>admit</word>  
    <translate>vt. 承认；准许进入；可容纳 vi. 承认；容许</translate>  
    <title>新课标a.xml</title> 
  </words>  
  <words> 
    <word>adolescence</word>  
    <translate>n. 青春期</translate>  
    <title>新课标a.xml</title> 
  </words>  
  <words> 
    <word>adolescent</word>  
    <translate>adj. 青春期的；未成熟的 n. 青少年</translate>  
    <title>新课标a.xml</title> 
  </words>  
  <words> 
    <word>adopt</word>  
    <translate>vt. 采取；接受；收养；正式通过 vi. 采取；过继</translate>  
    <title>新课标a.xml</title> 
  </words>  
  <words> 
    <word>adore</word>  
    <translate>vt. 崇拜；爱慕；喜爱；极喜欢 vi. 崇拜；爱慕 n. (Adore)人名；(法)阿多尔</translate>  
    <title>新课标a.xml</title> 
  </words>  
  <words> 
    <word>adult</word>  
    <translate>adj. 成年的；成熟的 n. 成年人</translate>  
    <title>新课标a.xml</title> 
  </words>  
  <words> 
    <word>advance</word>  
    <translate>n. 发展；前进；增长；预付款 vt. 提出；预付；使……前进；将……提前 vi. 前进；进展；上涨 adj. 预先的；先行的</translate>  
    <title>新课标a.xml</title> 
  </words>  
  <words> 
    <word>advantage</word>  
    <translate>n. 优势；利益；有利条件 vi. 获利 vt. 有利于；使处于优势</translate>  
    <title>新课标a.xml</title> 
  </words>  
  <words> 
    <word>adventure</word>  
    <translate>n. 冒险；冒险精神；投机活动 vt. 冒险；大胆说出 vi. 冒险</translate>  
    <title>新课标a.xml</title> 
  </words>  
  <words> 
    <word>advertise</word>  
    <translate>vt. 通知；为…做广告；使突出 vi. 做广告，登广告；作宣传</translate>  
    <title>新课标a.xml</title> 
  </words>  
  <words> 
    <word>advertisement</word>  
    <translate>n. 广告，宣传</translate>  
    <title>新课标a.xml</title> 
  </words>  
  <words> 
    <word>advice</word>  
    <translate>n. 建议；忠告；劝告；通知</translate>  
    <title>新课标a.xml</title> 
  </words>  
  <words> 
    <word>advocate</word>  
    <translate>vt. 提倡，主张，拥护 n. 提倡者；支持者；律师</translate>  
    <title>新课标a.xml</title> 
  </words>  
  <words> 
    <word>affair</word>  
    <translate>n. 事情；事务；私事；（尤指关系不长久的）风流韵事</translate>  
    <title>新课标a.xml</title> 
  </words>  
  <words> 
    <word>affect</word>  
    <translate>vt. 影响；感染；感动；假装 vi. 倾向；喜欢 n. 情感；引起感情的因素</translate>  
    <title>新课标a.xml</title> 
  </words>  
  <words> 
    <word>affection</word>  
    <translate>n. 喜爱，感情；影响；感染</translate>  
    <title>新课标a.xml</title> 
  </words>  
  <words> 
    <word>afford</word>  
    <translate>vt. 给予，提供；买得起 n. (Afford)人名；(英)阿福德</translate>  
    <title>新课标a.xml</title> 
  </words>  
  <words> 
    <word>afraid</word>  
    <translate>adj. 害怕的；恐怕；担心的</translate>  
    <title>新课标a.xml</title> 
  </words>  
  <words> 
    <word>Africa</word>  
    <translate>n. 非洲</translate>  
    <title>新课标a.xml</title> 
  </words>  
  <words> 
    <word>African</word>  
    <translate>adj. 非洲的，非洲人的 n. 非洲人</translate>  
    <title>新课标a.xml</title> 
  </words>  
  <words> 
    <word>after</word>  
    <translate>adv. 后来，以后 prep. 在……之后 conj. 在……之后 adj. 以后的</translate>  
    <title>新课标a.xml</title> 
  </words>  
  <words> 
    <word>afternoon</word>  
    <translate>n. 午后，下午</translate>  
    <title>新课标a.xml</title> 
  </words>  
  <words> 
    <word>afterward</word>  
    <translate>adv. 以后，后来</translate>  
    <title>新课标a.xml</title> 
  </words>  
  <words> 
    <word>again</word>  
    <translate>adv. 又，此外；再一次；再说；增加 n. （英、保）阿盖恩</translate>  
    <title>新课标a.xml</title> 
  </words>  
  <words> 
    <word>against</word>  
    <translate>prep. 反对，违反；靠；倚；防备 adj. 不利的；对立的</translate>  
    <title>新课标a.xml</title> 
  </words>  
  <words> 
    <word>age</word>  
    <translate>n. 年龄；时代；寿命，使用年限；阶段 vi. 成熟；变老 vt. 使成熟；使变老，使上年纪 n. (Age)人名；(瑞典)阿格；(日)扬 (姓)；(西、荷)阿赫</translate>  
    <title>新课标a.xml</title> 
  </words>  
  <words> 
    <word>agency</word>  
    <translate>n. 代理，中介；代理处，经销处</translate>  
    <title>新课标a.xml</title> 
  </words>  
  <words> 
    <word>agenda</word>  
    <translate>n. 议程；日常工作事项；日程表</translate>  
    <title>新课标a.xml</title> 
  </words>  
  <words> 
    <word>agent</word>  
    <translate>n. 代理人，代理商；药剂；特工 vt. 由…作中介；由…代理 adj. 代理的 n. (Agent)人名；(罗)阿真特</translate>  
    <title>新课标a.xml</title> 
  </words>  
  <words> 
    <word>aggressive</word>  
    <translate>adj. 侵略性的；好斗的；有进取心的；有闯劲的</translate>  
    <title>新课标a.xml</title> 
  </words>  
  <words> 
    <word>ago</word>  
    <translate>adv. 以前，以往 adj. 以前的；过去的 n. (Ago)人名；(英、西、意、塞、瑞典)阿戈</translate>  
    <title>新课标a.xml</title> 
  </words>  
  <words> 
    <word>agree</word>  
    <translate>vt. 同意，赞成；承认；约定，商定 vi. vi. 同意，意见一致；约定，商定</translate>  
    <title>新课标a.xml</title> 
  </words>  
  <words> 
    <word>agreement</word>  
    <translate>n. 协议；同意，一致</translate>  
    <title>新课标a.xml</title> 
  </words>  
  <words> 
    <word>agricultural</word>  
    <translate>adj. 农业的；农艺的</translate>  
    <title>新课标a.xml</title> 
  </words>  
  <words> 
    <word>agriculture</word>  
    <translate>n. 农业；农耕；农业生产；农艺，农学</translate>  
    <title>新课标a.xml</title> 
  </words>  
  <words> 
    <word>ahead</word>  
    <translate>adj. 向前；在前的；领先 adv. 向前地；领先地；在（某人或某事物的）前面；预先；在将来，为未来</translate>  
    <title>新课标a.xml</title> 
  </words>  
  <words> 
    <word>aid</word>  
    <translate>n. 援助；帮助；助手；帮助者 vt. 援助；帮助；有助于 vi. 帮助 n. (Aid)人名；(阿拉伯、印、英)艾德</translate>  
    <title>新课标a.xml</title> 
  </words>  
  <words> 
    <word>AIDS</word>  
    <translate>abbr. 获得性免疫缺乏综合征；爱滋病（Acquired Immune Deficiency Syndrome）</translate>  
    <title>新课标a.xml</title> 
  </words>  
  <words> 
    <word>aim</word>  
    <translate>vt. 目的在于；引导；把…对准 vi. 打算；对准目标；瞄准 n. 目的；目标；对准</translate>  
    <title>新课标a.xml</title> 
  </words>  
  <words> 
    <word>air</word>  
    <translate>n. 空气，大气；天空；样子；曲调 vt. 使通风，晾干；夸耀 vi. 通风</translate>  
    <title>新课标a.xml</title> 
  </words>  
  <words> 
    <word>aircraft</word>  
    <translate>n. 飞机，航空器</translate>  
    <title>新课标a.xml</title> 
  </words>  
  <words> 
    <word>airline</word>  
    <translate>n. 航空公司；航线 adj. 航线的</translate>  
    <title>新课标a.xml</title> 
  </words>  
  <words> 
    <word>airmail</word>  
    <translate>n. 航空邮件</translate>  
    <title>新课标a.xml</title> 
  </words>  
  <words> 
    <word>airplane</word>  
    <translate>n. 飞机</translate>  
    <title>新课标a.xml</title> 
  </words>  
  <words> 
    <word>airport</word>  
    <translate>n. 机场；航空站</translate>  
    <title>新课标a.xml</title> 
  </words>  
  <words> 
    <word>airspace</word>  
    <translate>n. 空域；领空；空间</translate>  
    <title>新课标a.xml</title> 
  </words>  
  <words> 
    <word>alarm</word>  
    <translate>n. 闹钟；警报，警告器；惊慌 vt. 警告；使惊恐</translate>  
    <title>新课标a.xml</title> 
  </words>  
  <words> 
    <word>album</word>  
    <translate>n. 相簿；唱片集；集邮簿；签名纪念册</translate>  
    <title>新课标a.xml</title> 
  </words>  
  <words> 
    <word>alcohol</word>  
    <translate>n. 酒精，乙醇</translate>  
    <title>新课标a.xml</title> 
  </words>  
  <words> 
    <word>alcoholic</word>  
    <translate>adj. 酒精的，含酒精的 n. 酒鬼，酗酒者</translate>  
    <title>新课标a.xml</title> 
  </words>  
  <words> 
    <word>algebra</word>  
    <translate>n. 代数学</translate>  
    <title>新课标a.xml</title> 
  </words>  
  <words> 
    <word>alike</word>  
    <translate>adj. 相似的；相同的 adv. 以同样的方式；类似于</translate>  
    <title>新课标a.xml</title> 
  </words>  
  <words> 
    <word>alive</word>  
    <translate>adj. 活着的；活泼的；有生气的</translate>  
    <title>新课标a.xml</title> 
  </words>  
  <words> 
    <word>all</word>  
    <translate>adj. 全部的 adv. 全然地；越发 n. 全部 pron. 全部 n. (All)人名；(瑞典)阿尔；(英)奥尔</translate>  
    <title>新课标a.xml</title> 
  </words>  
  <words> 
    <word>allergic</word>  
    <translate>adj. 对…过敏的；对…极讨厌的</translate>  
    <title>新课标a.xml</title> 
  </words>  
  <words> 
    <word>alley</word>  
    <translate>n. 小巷；小路；小径 n. (Alley)人名；(英)阿利</translate>  
    <title>新课标a.xml</title> 
  </words>  
  <words> 
    <word>allocate</word>  
    <translate>vt. 分配；拨出；使坐落于 vi. 分配；指定</translate>  
    <title>新课标a.xml</title> 
  </words>  
  <words> 
    <word>allow</word>  
    <translate>vt. 允许；给予；认可 vi. 容许；考虑</translate>  
    <title>新课标a.xml</title> 
  </words>  
  <words> 
    <word>allowance</word>  
    <translate>n. 津贴，零用钱；允许；限额 vt. 定量供应</translate>  
    <title>新课标a.xml</title> 
  </words>  
  <words> 
    <word>almost</word>  
    <translate>adv. 差不多，几乎</translate>  
    <title>新课标a.xml</title> 
  </words>  
  <words> 
    <word>alone</word>  
    <translate>adj. 独自的；单独的；孤独的 adv. 独自地；单独地</translate>  
    <title>新课标a.xml</title> 
  </words>  
  <words> 
    <word>along</word>  
    <translate>adv. 一起；向前；来到 prep. 沿着；顺着</translate>  
    <title>新课标a.xml</title> 
  </words>  
  <words> 
    <word>alongside</word>  
    <translate>adv. 在旁边 prep. 在……旁边</translate>  
    <title>新课标a.xml</title> 
  </words>  
  <words> 
    <word>aloud</word>  
    <translate>adv. 大声地；出声地</translate>  
    <title>新课标a.xml</title> 
  </words>  
  <words> 
    <word>alphabet</word>  
    <translate>n. 字母表，字母系统；入门，初步 n. Google创建的名为Alphabet的公司，改变Google原有公司架构，旨在使其当下主要业务和长期投资项目间的区别更加清晰。</translate>  
    <title>新课标a.xml</title> 
  </words>  
  <words> 
    <word>already</word>  
    <translate>adv. 已经，早已；先前</translate>  
    <title>新课标a.xml</title> 
  </words>  
  <words> 
    <word>also</word>  
    <translate>adv. 也；而且；同样 conj. 并且；另外 n. (Also)人名；(罗)阿尔索</translate>  
    <title>新课标a.xml</title> 
  </words>  
  <words> 
    <word>alternative</word>  
    <translate>adj. 供选择的；选择性的；交替的 n. 二中择一；供替代的选择</translate>  
    <title>新课标a.xml</title> 
  </words>  
  <words> 
    <word>although</word>  
    <translate>conj. 尽管；虽然；但是；然而</translate>  
    <title>新课标a.xml</title> 
  </words>  
  <words> 
    <word>altitude</word>  
    <translate>n. 高地；高度；[数] 顶垂线；（等级和地位等的）高级；海拔</translate>  
    <title>新课标a.xml</title> 
  </words>  
  <words> 
    <word>altogether</word>  
    <translate>adv. 完全地；总共；总而言之 n. 整个；裸体</translate>  
    <title>新课标a.xml</title> 
  </words>  
  <words> 
    <word>aluminium</word>  
    <translate>adj. 铝的 n. 铝</translate>  
    <title>新课标a.xml</title> 
  </words>  
  <words> 
    <word>always</word>  
    <translate>adv. 永远，一直；总是；常常</translate>  
    <title>新课标a.xml</title> 
  </words>  
  <words> 
    <word>am</word>  
    <translate>abbr. 调频，调谐，调幅（ amplitude modulation） vi. （用于第一人称单数现在时） aux. （与v-ing连用构成现在进行时，与v-ed连用构成被动语态） n. （柬）安（人名）</translate>  
    <title>新课标a.xml</title> 
  </words>  
  <words> 
    <word>amateur</word>  
    <translate>n. 爱好者；业余爱好者；外行 adj. 业余的；外行的</translate>  
    <title>新课标a.xml</title> 
  </words>  
  <words> 
    <word>amaze</word>  
    <translate>vt. 使吃惊</translate>  
    <title>新课标a.xml</title> 
  </words>  
  <words> 
    <word>amazing</word>  
    <translate>adj. 令人惊异的 v. 使吃惊（amaze的ing形式）</translate>  
    <title>新课标a.xml</title> 
  </words>  
  <words> 
    <word>ambassador</word>  
    <translate>n. 大使；代表；使节</translate>  
    <title>新课标a.xml</title> 
  </words>  
  <words> 
    <word>ambiguous</word>  
    <translate>adj. 模糊不清的；引起歧义的</translate>  
    <title>新课标a.xml</title> 
  </words>  
  <words> 
    <word>ambition</word>  
    <translate>n. 野心，雄心；抱负，志向 vt. 追求；有…野心</translate>  
    <title>新课标a.xml</title> 
  </words>  
  <words> 
    <word>ambulance</word>  
    <translate>n. [车辆][医] 救护车；战时流动医院</translate>  
    <title>新课标a.xml</title> 
  </words>  
  <words> 
    <word>America</word>  
    <translate>n. 美洲（包括北美和南美洲）；美国</translate>  
    <title>新课标a.xml</title> 
  </words>  
  <words> 
    <word>among</word>  
    <translate>prep. 在…中间；在…之中</translate>  
    <title>新课标a.xml</title> 
  </words>  
  <words> 
    <word>amount</word>  
    <translate>vi. 总计，合计；相当于；共计；产生…结果 n. 数量；总额，总数</translate>  
    <title>新课标a.xml</title> 
  </words>  
  <words> 
    <word>ample</word>  
    <translate>adj. 丰富的；足够的；宽敞的 n. (Ample)人名；(西)安普尔</translate>  
    <title>新课标a.xml</title> 
  </words>  
  <words> 
    <word>amuse</word>  
    <translate>vt. 娱乐；消遣；使发笑；使愉快</translate>  
    <title>新课标a.xml</title> 
  </words>  
  <words> 
    <word>amusement</word>  
    <translate>n. 消遣，娱乐；乐趣</translate>  
    <title>新课标a.xml</title> 
  </words>  
  <words> 
    <word>analyse</word>  
    <translate>vt. 分析；分解；细察</translate>  
    <title>新课标a.xml</title> 
  </words>  
  <words> 
    <word>analysis</word>  
    <translate>n. 分析；分解；验定</translate>  
    <title>新课标a.xml</title> 
  </words>  
  <words> 
    <word>ancestor</word>  
    <translate>n. 始祖，祖先；被继承人</translate>  
    <title>新课标a.xml</title> 
  </words>  
  <words> 
    <word>anchor</word>  
    <translate>n. 锚；抛锚停泊；靠山；新闻节目主播 vt. 抛锚；使固定；主持节目 vi. 抛锚 adj. 末棒的；最后一棒的</translate>  
    <title>新课标a.xml</title> 
  </words>  
  <words> 
    <word>ancient</word>  
    <translate>adj. 古代的；古老的，过时的；年老的 n. 古代人；老人</translate>  
    <title>新课标a.xml</title> 
  </words>  
  <words> 
    <word>and</word>  
    <translate>conj. 和，与；就；而且；但是；然后 n. (And)人名；(土、瑞典)安德</translate>  
    <title>新课标a.xml</title> 
  </words>  
  <words> 
    <word>anecdote</word>  
    <translate>n. 轶事；奇闻；秘史</translate>  
    <title>新课标a.xml</title> 
  </words>  
  <words> 
    <word>anger</word>  
    <translate>n. 怒，愤怒；忿怒 vt. 使发怒，激怒；恼火 vi. 发怒；恼火 n. (Anger)人名；(罗)安杰尔；(法)安热；(德、捷、瑞典)安格尔</translate>  
    <title>新课标a.xml</title> 
  </words>  
  <words> 
    <word>angle</word>  
    <translate>vi. 钓鱼；谋取 n. 角度，角，方面</translate>  
    <title>新课标a.xml</title> 
  </words>  
  <words> 
    <word>angry</word>  
    <translate>adj. 生气的；愤怒的；狂暴的；（伤口等）发炎的</translate>  
    <title>新课标a.xml</title> 
  </words>  
  <words> 
    <word>animal</word>  
    <translate>n. 动物 动物的</translate>  
    <title>新课标a.xml</title> 
  </words>  
  <words> 
    <word>ankle</word>  
    <translate>n. 踝关节，踝</translate>  
    <title>新课标a.xml</title> 
  </words>  
  <words> 
    <word>anniversary</word>  
    <translate>n. 周年纪念日</translate>  
    <title>新课标a.xml</title> 
  </words>  
  <words> 
    <word>announce</word>  
    <translate>vt. 宣布；述说；预示；播报 vi. 宣布参加竞选；当播音员</translate>  
    <title>新课标a.xml</title> 
  </words>  
  <words> 
    <word>annoy</word>  
    <translate>vt. 骚扰；惹恼；打搅 vi. 惹恼；令人讨厌；打搅 n. 烦恼（等于annoyance）</translate>  
    <title>新课标a.xml</title> 
  </words>  
  <words> 
    <word>annual</word>  
    <translate>adj. 年度的；每年的 n. 年刊，年鉴；一年生植物</translate>  
    <title>新课标a.xml</title> 
  </words>  
  <words> 
    <word>another</word>  
    <translate>adj. 又一，另一；另外的；不同的 pron. 另一个；又一个 prep. 另一个；另一个人</translate>  
    <title>新课标a.xml</title> 
  </words>  
  <words> 
    <word>answer</word>  
    <translate>vt. 回答；符合 vi. 回答；符合 n. 回答；答案；答辩</translate>  
    <title>新课标a.xml</title> 
  </words>  
  <words> 
    <word>ant</word>  
    <translate>n. 蚂蚁 n. (Ant)人名；(土、芬)安特</translate>  
    <title>新课标a.xml</title> 
  </words>  
  <words> 
    <word>Antarctic</word>  
    <translate>n. 南极洲，南极地区 adj. 南极的</translate>  
    <title>新课标a.xml</title> 
  </words>  
  <words> 
    <word>antique</word>  
    <translate>adj. 古老的，年代久远的；过时的，古董的；古风的，古式的 n. 古董，古玩；古风，古希腊和古罗马艺术风格 vi. 觅购古玩</translate>  
    <title>新课标a.xml</title> 
  </words>  
  <words> 
    <word>anxiety</word>  
    <translate>n. 焦虑；渴望；挂念；令人焦虑的事</translate>  
    <title>新课标a.xml</title> 
  </words>  
  <words> 
    <word>anxious</word>  
    <translate>adj. 焦虑的；担忧的；渴望的；急切的</translate>  
    <title>新课标a.xml</title> 
  </words>  
  <words> 
    <word>any</word>  
    <translate>adj. 任何的；所有的；丝毫 pron. 任何；任何一个；若干 adv. 稍微；少许 n. (Any)人名；(法、罗)阿尼</translate>  
    <title>新课标a.xml</title> 
  </words>  
  <words> 
    <word>anybody</word>  
    <translate>pron. 任何人 n. 重要人物</translate>  
    <title>新课标a.xml</title> 
  </words>  
  <words> 
    <word>anyhow</word>  
    <translate>adv. 总之；无论如何；不管怎样</translate>  
    <title>新课标a.xml</title> 
  </words>  
  <words> 
    <word>anyone</word>  
    <translate>pron. 任何人；任何一个</translate>  
    <title>新课标a.xml</title> 
  </words>  
  <words> 
    <word>anything</word>  
    <translate>pron. 任何事</translate>  
    <title>新课标a.xml</title> 
  </words>  
  <words> 
    <word>anyway</word>  
    <translate>adv. 无论如何，不管怎样；总之</translate>  
    <title>新课标a.xml</title> 
  </words>  
  <words> 
    <word>anywhere</word>  
    <translate>adv. 在任何地方；无论何处 n. 任何地方</translate>  
    <title>新课标a.xml</title> 
  </words>  
  <words> 
    <word>apart</word>  
    <translate>adv. 相距；与众不同地；分离着 adj. 分离的；与众不同的</translate>  
    <title>新课标a.xml</title> 
  </words>  
  <words> 
    <word>apartment</word>  
    <translate>n. 公寓；房间</translate>  
    <title>新课标a.xml</title> 
  </words>  
  <words> 
    <word>apologize</word>  
    <translate>vi. 道歉；辩解；赔不是 vt. 道歉；谢罪；辩白</translate>  
    <title>新课标a.xml</title> 
  </words>  
  <words> 
    <word>apology</word>  
    <translate>n. 道歉；谢罪；辩护；勉强的替代物</translate>  
    <title>新课标a.xml</title> 
  </words>  
  <words> 
    <word>apparent</word>  
    <translate>adj. 显然的；表面上的</translate>  
    <title>新课标a.xml</title> 
  </words>  
  <words> 
    <word>appeal</word>  
    <translate>vi. 呼吁，恳求；上诉；诉诸，求助；有吸引力，迎合爱好；（体育比赛中）诉诸裁判 n. 呼吁，请求；吸引力，感染力；上诉；诉诸裁判 vt. 将…上诉，对…上诉</translate>  
    <title>新课标a.xml</title> 
  </words>  
  <words> 
    <word>appear</word>  
    <translate>vi. 出现；显得；似乎；出庭；登场</translate>  
    <title>新课标a.xml</title> 
  </words>  
  <words> 
    <word>appearance</word>  
    <translate>n. 外貌，外观；出现，露面</translate>  
    <title>新课标a.xml</title> 
  </words>  
  <words> 
    <word>appendix</word>  
    <translate>n. 附录；阑尾；附加物</translate>  
    <title>新课标a.xml</title> 
  </words>  
  <words> 
    <word>appetite</word>  
    <translate>n. 食欲；嗜好</translate>  
    <title>新课标a.xml</title> 
  </words>  
  <words> 
    <word>applaud</word>  
    <translate>vt. 赞同；称赞；向…喝彩 vi. 喝彩；鼓掌欢迎</translate>  
    <title>新课标a.xml</title> 
  </words>  
  <words> 
    <word>apple</word>  
    <translate>n. 苹果，苹果树，苹果似的东西；[美俚]炸弹，手榴弹，（棒球的）球；[美俚]人，家伙。</translate>  
    <title>新课标a.xml</title> 
  </words>  
  <words> 
    <word>applicant</word>  
    <translate>n. 申请人，申请者；请求者</translate>  
    <title>新课标a.xml</title> 
  </words>  
  <words> 
    <word>application</word>  
    <translate>n. 应用；申请；应用程序；敷用；（对事物、学习等）投入</translate>  
    <title>新课标a.xml</title> 
  </words>  
  <words> 
    <word>apply</word>  
    <translate>vt. 申请；涂，敷；应用 vi. 申请；涂，敷；适用；请求</translate>  
    <title>新课标a.xml</title> 
  </words>  
  <words> 
    <word>appoint</word>  
    <translate>vt. 任命；指定；约定 vi. 任命；委派</translate>  
    <title>新课标a.xml</title> 
  </words>  
  <words> 
    <word>appointment</word>  
    <translate>n. 任命；约定；任命的职位</translate>  
    <title>新课标a.xml</title> 
  </words>  
  <words> 
    <word>appreciate</word>  
    <translate>vt. 欣赏；感激；领会；鉴别 vi. 增值；涨价</translate>  
    <title>新课标a.xml</title> 
  </words>  
  <words> 
    <word>appreciation</word>  
    <translate>n. 欣赏，鉴别；增值；感谢</translate>  
    <title>新课标a.xml</title> 
  </words>  
  <words> 
    <word>approach</word>  
    <translate>n. 方法；途径；接近 vt. 接近；着手处理 vi. 靠近</translate>  
    <title>新课标a.xml</title> 
  </words>  
  <words> 
    <word>appropriate</word>  
    <translate>adj. 适当的；恰当的；合适的 vt. 占用，拨出</translate>  
    <title>新课标a.xml</title> 
  </words>  
  <words> 
    <word>approval</word>  
    <translate>n. 批准；认可；赞成</translate>  
    <title>新课标a.xml</title> 
  </words>  
  <words> 
    <word>approve</word>  
    <translate>vt. 批准；赞成；为…提供证据 vi. 批准；赞成；满意</translate>  
    <title>新课标a.xml</title> 
  </words>  
  <words> 
    <word>approximately</word>  
    <translate>adv. 大约，近似地；近于</translate>  
    <title>新课标a.xml</title> 
  </words>  
  <words> 
    <word>April</word>  
    <translate>n. 四月</translate>  
    <title>新课标a.xml</title> 
  </words>  
  <words> 
    <word>apron</word>  
    <translate>n. 围裙；[航] 停机坪；舞台口 vt. 着围裙于；围绕 n. (Apron)人名；(俄)阿普龙</translate>  
    <title>新课标a.xml</title> 
  </words>  
  <words> 
    <word>arbitrary</word>  
    <translate>adj. [数] 任意的；武断的；专制的</translate>  
    <title>新课标a.xml</title> 
  </words>  
  <words> 
    <word>arch</word>  
    <translate>n. 弓形，拱形；拱门 adj. 主要的 vt. 使…弯成弓形；用拱连接 vi. 拱起；成为弓形 n. (Arch)人名；(德)阿尔希；(英)阿奇</translate>  
    <title>新课标a.xml</title> 
  </words>  
  <words> 
    <word>architect</word>  
    <translate>n. 建筑师 缔造者</translate>  
    <title>新课标a.xml</title> 
  </words>  
  <words> 
    <word>architecture</word>  
    <translate>n. 建筑学；建筑风格；建筑式样；架构</translate>  
    <title>新课标a.xml</title> 
  </words>  
  <words> 
    <word>Arctic</word>  
    <translate>adj. 北极的；极寒的 n. 北极圈；御寒防水套鞋 n. (Arctic)人名；(英)阿克蒂克</translate>  
    <title>新课标a.xml</title> 
  </words>  
  <words> 
    <word>are</word>  
    <translate>v. 是（be的第二人称单复数现在式） n. 公亩 n. (Are)人名；(意、西、芬)阿雷</translate>  
    <title>新课标a.xml</title> 
  </words>  
  <words> 
    <word>area</word>  
    <translate>n. 区域，地区；面积；范围 n. (Area)人名；(西)阿雷亚</translate>  
    <title>新课标a.xml</title> 
  </words>  
  <words> 
    <word>argue</word>  
    <translate>vi. 争论，辩论；提出理由 vt. 辩论，争论；证明；说服 n. (Argue)人名；(英、法)阿格</translate>  
    <title>新课标a.xml</title> 
  </words>  
  <words> 
    <word>arguement</word>  
    <translate>argument:n. 论证；论据；争吵；内容提要 agreement:n. 协议；同意，一致</translate>  
    <title>新课标a.xml</title> 
  </words>  
  <words> 
    <word>arise</word>  
    <translate>vi. 出现；上升；起立 n. (Arise)人名；(西)阿里塞；(日)在濑(姓)</translate>  
    <title>新课标a.xml</title> 
  </words>  
  <words> 
    <word>arithmetic</word>  
    <translate>n. 算术，算法</translate>  
    <title>新课标a.xml</title> 
  </words>  
  <words> 
    <word>arm</word>  
    <translate>n. 手臂；武器；袖子；装备；部门 vi. 武装起来 vt. 武装；备战</translate>  
    <title>新课标a.xml</title> 
  </words>  
  <words> 
    <word>armchair</word>  
    <translate>n. 扶手椅，单人沙发 adj. 不切实际的</translate>  
    <title>新课标a.xml</title> 
  </words>  
  <words> 
    <word>army</word>  
    <translate>n. 陆军，军队</translate>  
    <title>新课标a.xml</title> 
  </words>  
  <words> 
    <word>around</word>  
    <translate>adv. 大约；到处；在附近 prep. 四处；在…周围</translate>  
    <title>新课标a.xml</title> 
  </words>  
  <words> 
    <word>arrange</word>  
    <translate>vt. 安排；排列；整理 vi. 安排；排列；协商</translate>  
    <title>新课标a.xml</title> 
  </words>  
  <words> 
    <word>arrangement</word>  
    <translate>n. 布置；整理；准备</translate>  
    <title>新课标a.xml</title> 
  </words>  
  <words> 
    <word>arrest</word>  
    <translate>vt. 逮捕；阻止；吸引 n. 逮捕；监禁 n. (Arrest)人名；(德)阿雷斯特</translate>  
    <title>新课标a.xml</title> 
  </words>  
  <words> 
    <word>arrival</word>  
    <translate>n. 到来；到达；到达者</translate>  
    <title>新课标a.xml</title> 
  </words>  
  <words> 
    <word>arrest</word>  
    <translate>vt. 逮捕；阻止；吸引 n. 逮捕；监禁 n. (Arrest)人名；(德)阿雷斯特</translate>  
    <title>新课标a.xml</title> 
  </words>  
  <words> 
    <word>arrival</word>  
    <translate>n. 到来；到达；到达者</translate>  
    <title>新课标a.xml</title> 
  </words>  
  <words> 
    <word>arrive</word>  
    <translate>vi. 到达；成功；达成；出生 n. (Arrive)人名；(法)阿里夫</translate>  
    <title>新课标a.xml</title> 
  </words>  
  <words> 
    <word>arrow</word>  
    <translate>n. 箭，箭头；箭状物；箭头记号 vt. 以箭头指示；箭一般地飞向 n. (Arrow)人名；(英)阿罗</translate>  
    <title>新课标a.xml</title> 
  </words>  
  <words> 
    <word>art</word>  
    <translate>n. （包括雕塑、绘画、音乐等的） 艺术，美术；美术（作）品；艺品（作）品；（表演）艺术；技术，技巧； adj. 艺术的；艺术品的；具有艺术性的 v. be的现在式单数第二人称形式，过时用法</translate>  
    <title>新课标a.xml</title> 
  </words>  
  <words> 
    <word>article</word>  
    <translate>n. 文章；物品；条款；[语] 冠词 vt. 订约将…收为学徒或见习生；使…受协议条款的约束 vi. 签订协议；进行控告</translate>  
    <title>新课标a.xml</title> 
  </words>  
  <words> 
    <word>artificial</word>  
    <translate>adj. 人造的；仿造的；虚伪的；非原产地的；武断的</translate>  
    <title>新课标a.xml</title> 
  </words>  
  <words> 
    <word>artist</word>  
    <translate>n. 艺术家；美术家（尤指画家）；大师</translate>  
    <title>新课标a.xml</title> 
  </words>  
  <words> 
    <word>as</word>  
    <translate>conj. 因为；随着；虽然；依照；当…时 prep. 如同；当作；以…的身份 adv. 同样地；和…一样的</translate>  
    <title>新课标a.xml</title> 
  </words>  
  <words> 
    <word>ash</word>  
    <translate>n. 灰；灰烬 n. (Ash)人名；(英、俄、捷)阿什</translate>  
    <title>新课标a.xml</title> 
  </words>  
  <words> 
    <word>ashamed</word>  
    <translate>adj. 惭愧的，感到难为情的；耻于……的</translate>  
    <title>新课标a.xml</title> 
  </words>  
  <words> 
    <word>Asia</word>  
    <translate>n. 亚洲</translate>  
    <title>新课标a.xml</title> 
  </words>  
  <words> 
    <word>Asian</word>  
    <translate>n. 亚洲人 adj. 亚洲的；亚洲人的</translate>  
    <title>新课标a.xml</title> 
  </words>  
  <words> 
    <word>aside</word>  
    <translate>adv. 离开，撇开；在旁边 n. 旁白；私语，悄悄话；离题的话 prep. 在…旁边</translate>  
    <title>新课标a.xml</title> 
  </words>  
  <words> 
    <word>ask</word>  
    <translate>vt. 问，询问；要求；需要；邀请；讨价 vi. 问，询问；要求 n. (Ask)人名；(芬、瑞典)阿斯克</translate>  
    <title>新课标a.xml</title> 
  </words>  
  <words> 
    <word>asleep</word>  
    <translate>adj. 睡着的；麻木的；长眠的 adv. 熟睡地；进入睡眠状态</translate>  
    <title>新课标a.xml</title> 
  </words>  
  <words> 
    <word>aspect</word>  
    <translate>n. 方面；方向；形势；外貌</translate>  
    <title>新课标a.xml</title> 
  </words>  
  <words> 
    <word>assess</word>  
    <translate>vt. 评定；估价；对…征税</translate>  
    <title>新课标a.xml</title> 
  </words>  
  <words> 
    <word>assessment</word>  
    <translate>n. 评定；估价</translate>  
    <title>新课标a.xml</title> 
  </words>  
  <words> 
    <word>assist</word>  
    <translate>n. 帮助；助攻 vi. 参加；出席 vt. 帮助；促进</translate>  
    <title>新课标a.xml</title> 
  </words>  
  <words> 
    <word>assistance</word>  
    <translate>n. 援助，帮助；辅助设备</translate>  
    <title>新课标a.xml</title> 
  </words>  
  <words> 
    <word>assistant</word>  
    <translate>n. 助手，助理，助教 adj. 辅助的，助理的；有帮助的</translate>  
    <title>新课标a.xml</title> 
  </words>  
  <words> 
    <word>associate</word>  
    <translate>vi. 交往；结交 n. 同事，伙伴；关联的事物 vt. 联想；使联合；使发生联系 adj. 副的；联合的</translate>  
    <title>新课标a.xml</title> 
  </words>  
  <words> 
    <word>association</word>  
    <translate>n. 协会，联盟，社团；联合；联想</translate>  
    <title>新课标a.xml</title> 
  </words>  
  <words> 
    <word>assume</word>  
    <translate>vi. 假定；设想；承担；采取 vt. 僭取；篡夺；夺取；擅用；侵占</translate>  
    <title>新课标a.xml</title> 
  </words>  
  <words> 
    <word>assumption</word>  
    <translate>n. 假定；设想；担任；采取</translate>  
    <title>新课标a.xml</title> 
  </words>  
  <words> 
    <word>astonish</word>  
    <translate>vt. 使惊讶</translate>  
    <title>新课标a.xml</title> 
  </words>  
  <words> 
    <word>astronaut</word>  
    <translate>n. 宇航员，航天员；太空旅行者</translate>  
    <title>新课标a.xml</title> 
  </words>  
  <words> 
    <word>astronomer</word>  
    <translate>n. 天文学家</translate>  
    <title>新课标a.xml</title> 
  </words>  
  <words> 
    <word>astronomy</word>  
    <translate>n. 天文学</translate>  
    <title>新课标a.xml</title> 
  </words>  
  <words> 
    <word>at</word>  
    <translate>prep. 在（表示存在或出现的地点、场所、位置、空间）；以（某种价格、速度等）；向；达；因为；朝；忙于 n. 阿特（老挝货币基本单位att）；[化]砹（极不稳定放射性元素） abbr. 密封的（airtight）；气温（air temperature）</translate>  
    <title>新课标a.xml</title> 
  </words>  
  <words> 
    <word>athlete</word>  
    <translate>n. 运动员，体育家；身强力壮的人</translate>  
    <title>新课标a.xml</title> 
  </words>  
  <words> 
    <word>athletic</word>  
    <translate>adj. 运动的，运动员的；体格健壮的</translate>  
    <title>新课标a.xml</title> 
  </words>  
  <words> 
    <word>Atlantic</word>  
    <translate>n. 大西洋 adj. 大西洋的</translate>  
    <title>新课标a.xml</title> 
  </words>  
  <words> 
    <word>atmosphere</word>  
    <translate>n. 气氛；大气；空气</translate>  
    <title>新课标a.xml</title> 
  </words>  
  <words> 
    <word>atom</word>  
    <translate>n. 原子</translate>  
    <title>新课标a.xml</title> 
  </words>  
  <words> 
    <word>attach</word>  
    <translate>vt. 使依附；贴上；系上；使依恋 vi. 附加；附属；伴随</translate>  
    <title>新课标a.xml</title> 
  </words>  
  <words> 
    <word>attack</word>  
    <translate>n. 攻击；抨击；疾病发作 vt. 攻击；抨击；动手干 vi. 攻击；腐蚀 n. (Attack)人名；(瑞典)阿塔克</translate>  
    <title>新课标a.xml</title> 
  </words>  
  <words> 
    <word>attain</word>  
    <translate>vt. 达到，实现；获得；到达 vi. 达到；获得；到达 n. 成就</translate>  
    <title>新课标a.xml</title> 
  </words>  
  <words> 
    <word>attempt</word>  
    <translate>n. 企图，试图；攻击 vt. 企图，试图；尝试</translate>  
    <title>新课标a.xml</title> 
  </words>  
  <words> 
    <word>attend</word>  
    <translate>vt. 出席；上（大学等）；照料；招待；陪伴 vi. 出席；致力于；照料；照顾</translate>  
    <title>新课标a.xml</title> 
  </words>  
  <words> 
    <word>attention</word>  
    <translate>n. 注意力；关心；立正！（口令）</translate>  
    <title>新课标a.xml</title> 
  </words>  
  <words> 
    <word>attitude</word>  
    <translate>n. 态度；看法；意见；姿势</translate>  
    <title>新课标a.xml</title> 
  </words>  
  <words> 
    <word>attract</word>  
    <translate>vt. 吸引；引起 vi. 吸引；有吸引力</translate>  
    <title>新课标a.xml</title> 
  </words>  
  <words> 
    <word>attraction</word>  
    <translate>n. 吸引，吸引力；引力；吸引人的事物</translate>  
    <title>新课标a.xml</title> 
  </words>  
  <words> 
    <word>attractive</word>  
    <translate>adj. 吸引人的；有魅力的；引人注目的</translate>  
    <title>新课标a.xml</title> 
  </words>  
  <words> 
    <word>audience</word>  
    <translate>n. 观众；听众；读者；接见；正式会见；拜会</translate>  
    <title>新课标a.xml</title> 
  </words>  
  <words> 
    <word>August</word>  
    <translate>adj. 威严的；令人敬畏的 n. 八月（简写为Aug） n. (August)人名；(法、葡、西、俄、罗、英、德、瑞典、挪)奥古斯特</translate>  
    <title>新课标a.xml</title> 
  </words>  
  <words> 
    <word>aunt</word>  
    <translate>n. 阿姨；姑妈；伯母；舅妈</translate>  
    <title>新课标a.xml</title> 
  </words>  
  <words> 
    <word>authentic</word>  
    <translate>adj. 真正的，真实的；可信的</translate>  
    <title>新课标a.xml</title> 
  </words>  
  <words> 
    <word>author</word>  
    <translate>n. 作者；作家；创始人 vt. 创作出版</translate>  
    <title>新课标a.xml</title> 
  </words>  
  <words> 
    <word>authority</word>  
    <translate>n. 权威；权力；当局</translate>  
    <title>新课标a.xml</title> 
  </words>  
  <words> 
    <word>automatic</word>  
    <translate>adj. 自动的；无意识的；必然的 n. 自动机械；自动手枪</translate>  
    <title>新课标a.xml</title> 
  </words>  
  <words> 
    <word>autonomous</word>  
    <translate>adj. 自治的；自主的；自发的</translate>  
    <title>新课标a.xml</title> 
  </words>  
  <words> 
    <word>autumn</word>  
    <translate>n. 秋天；成熟期；渐衰期，凋落期 adj. 秋天的，秋季的 n. (Autumn)人名；(英)奥特姆</translate>  
    <title>新课标a.xml</title> 
  </words>  
  <words> 
    <word>available</word>  
    <translate>adj. 可获得的；可购得的；可找到的；有空的</translate>  
    <title>新课标a.xml</title> 
  </words>  
  <words> 
    <word>avenue</word>  
    <translate>n. 大街；林荫大道；[比喻](达到某物的)途径，手段，方法，渠道</translate>  
    <title>新课标a.xml</title> 
  </words>  
  <words> 
    <word>average</word>  
    <translate>n. 平均；平均数；海损 adj. 平均的；普通的；通常的 vt. 算出…的平均数；将…平均分配；使…平衡 vi. 平均为；呈中间色</translate>  
    <title>新课标a.xml</title> 
  </words>  
  <words> 
    <word>avoid</word>  
    <translate>vt. 避免；避开，躲避；消除</translate>  
    <title>新课标a.xml</title> 
  </words>  
  <words> 
    <word>awake</word>  
    <translate>vi. 觉醒，意识到；醒来；被唤起 vt. 唤醒；使觉醒；激起，唤起 adj. 醒着的</translate>  
    <title>新课标a.xml</title> 
  </words>  
  <words> 
    <word>award</word>  
    <translate>vt. 授予；判定 n. 奖品；判决</translate>  
    <title>新课标a.xml</title> 
  </words>  
  <words> 
    <word>aware</word>  
    <translate>adj. 意识到的；知道的；有…方面知识的；懂世故的 n. (Aware)人名；(阿拉伯、索)阿瓦雷</translate>  
    <title>新课标a.xml</title> 
  </words>  
  <words> 
    <word>away</word>  
    <translate>adv. 离去，离开；在远处</translate>  
    <title>新课标a.xml</title> 
  </words>  
  <words> 
    <word>awesome</word>  
    <translate>adj. 令人敬畏的；使人畏惧的；可怕的；极好的</translate>  
    <title>新课标a.xml</title> 
  </words>  
  <words> 
    <word>awful</word>  
    <translate>adj. 可怕的；极坏的；使人敬畏的</translate>  
    <title>新课标a.xml</title> 
  </words>  
  <words>
    <word>awkward</word>
    <translate>adj. 尴尬的；笨拙的；棘手的；不合适的</translate>
    <title>新课标a.xml</title>
  </words>
</wordlist>
