<?xml version="1.0" encoding="utf-8" standalone="no"?><wordlist><words><word>abdomen</word><biao>['æbdəmən]</biao><translate>n. 腹部；下腹；腹腔</translate><title>考纲a.xml</title></words><words><word>abide</word><biao>[ə'baɪd]</biao><translate>vt. 忍受，容忍；停留；遵守 vi. 持续；忍受；停留</translate><title>考纲a.xml</title></words><words><word>abound</word><biao>[ə'baʊnd]</biao><translate>vi. 富于；充满</translate><title>考纲a.xml</title></words><words><word>acceptance</word><biao>[ək'sɛptəns]</biao><translate>n. 接纳；赞同；容忍</translate><title>考纲a.xml</title></words><words><word>accessory</word><biao>[ək'sɛsəri]</biao><translate>n. 配件；附件；[法] 从犯 adj. 副的；同谋的；附属的</translate><title>考纲a.xml</title></words><words><word>acclaim</word><biao>[ə'klem]</biao><translate>vt. 称赞；为…喝彩，向…欢呼 n. 欢呼，喝彩；称赞 vi. 欢呼，喝彩</translate><title>考纲a.xml</title></words><words><word>accommodate</word><biao>[ə'kɑmədet]</biao><translate>vt. 容纳；使适应；供应；调解 vi. 适应；调解</translate><title>考纲a.xml</title></words><words><word>accord</word><biao>[ə'kɔrd]</biao><translate>n. 符合；一致；协议；自愿 vt. 使一致；给予 vi. 符合；一致</translate><title>考纲a.xml</title></words><words><word>accordance</word><biao>[ə'kɔrdns]</biao><translate>n. 一致；和谐</translate><title>考纲a.xml</title></words><words><word>accordingly</word><biao>[ə'kɔrdɪŋli]</biao><translate>adv. 因此，于是；相应地；照著</translate><title>考纲a.xml</title></words><words><word>acquaint</word><biao>[ə'kwent]</biao><translate>vt. 使熟悉；使认识</translate><title>考纲a.xml</title></words><words><word>acrobat</word><biao>['ækrəbæt]</biao><translate>n. 杂技演员，特技演员；随机应变者；翻云覆雨者，善变者</translate><title>考纲a.xml</title></words><words><word>activate</word><biao>['æktə'vet]</biao><translate>vt. 刺激；使活动；使活泼；使产生放射性 vi. 激活；有活力</translate><title>考纲a.xml</title></words><words><word>addict</word><biao>['ædɪkt (for n.); əˈdɪkt (for v.)]</biao><translate>n. 有瘾的人；入迷的人 vt. 使沉溺；使上瘾</translate><title>考纲a.xml</title></words><words><word>additional</word><biao>[ə'dɪʃənl]</biao><translate>adj. 附加的，额外的</translate><title>考纲a.xml</title></words><words><word>adhere</word><biao>[əd'hɪr]</biao><translate>vi. 坚持；依附；粘着；追随 vt. 使粘附</translate><title>考纲a.xml</title></words><words><word>adjacent</word><biao>[ə'dʒesnt]</biao><translate>adj. 邻近的，毗连的</translate><title>考纲a.xml</title></words><words><word>adjective</word><biao>['ædʒɪktɪv]</biao><translate>adj. 形容词的；从属的 n. 形容词</translate><title>考纲a.xml</title></words><words><word>adjoin</word><biao>[ə'dʒɔɪn]</biao><translate>vi. 毗连，邻接 vt. 毗连，邻接</translate><title>考纲a.xml</title></words><words><word>administer</word><biao>[əd'mɪnɪstɚ]</biao><translate>vt. 管理；执行；给予 vi. 给予帮助；执行遗产管理人的职责；担当管理人</translate><title>考纲a.xml</title></words><words><word>admit</word><biao>[əd'mɪt]</biao><translate>vt. 承认；准许进入；可容纳 vi. 承认；容许</translate><title>考纲a.xml</title></words><words><word>advanced</word><biao>[əd'vænst]</biao><translate>adj. 先进的；高级的；晚期的；年老的 v. 前进；增加；上涨（advance的过去式和过去分词形式）</translate><title>考纲a.xml</title></words><words><word>advent</word><biao>['ædvɛnt]</biao><translate>n. 到来；出现；基督降临；基督降临节</translate><title>考纲a.xml</title></words><words><word>adverb</word><biao>['ædvɝb]</biao><translate>n. 副词 adj. 副词的</translate><title>考纲a.xml</title></words><words><word>adverse</word><biao>[ædˈvɚs, ˈædˌvɚs]</biao><translate>adj. 不利的；相反的；敌对的（名词adverseness，副词adversely）</translate><title>考纲a.xml</title></words><words><word>advisable</word><biao>[əd'vaɪzəbl]</biao><translate>adj. 明智的，可取的，适当的</translate><title>考纲a.xml</title></words><words><word>aerial</word><biao>['ɛrɪəl]</biao><translate>adj. 空中的，航空的；空气的；空想的 n. [电讯] 天线</translate><title>考纲a.xml</title></words><words><word>aeroplane</word><biao>[ˈɛrəˌplen]</biao><translate>n. 飞机（等于airplane）</translate><title>考纲a.xml</title></words><words><word>airplane</word><biao>[ˈɛrplen]</biao><translate>n. 飞机</translate><title>考纲a.xml</title></words><words><word>aesthetic</word><biao>[esˈθetɪk; ɛsˈθɛtɪk]</biao><translate>adj. 美的；美学的；审美的，具有审美趣味的</translate><title>考纲a.xml</title></words><words><word>esthetic</word><biao>[ɛs'θɛtɪk]</biao><translate>adj. 审美的（等于aesthetic）；感觉的 n. 美学；审美家；唯美主义者</translate><title>考纲a.xml</title></words><words><word>affiliate</word><biao>[ə'fɪlɪet]</biao><translate>n. 联号；隶属的机构等 vt. 使附属；接纳；使紧密联系 vi. 参加，加入；发生联系</translate><title>考纲a.xml</title></words><words><word>affirm</word><biao>[ə'fɝm]</biao><translate>vt. 肯定；断言 vi. 确认；断言</translate><title>考纲a.xml</title></words><words><word>affluent</word><biao>['æfluənt]</biao><translate>adj. 富裕的；丰富的；流畅的 n. 支流；富人</translate><title>考纲a.xml</title></words><words><word>aggravate</word><biao>['æɡrəvet]</biao><translate>vt. 加重；使恶化；激怒</translate><title>考纲a.xml</title></words><words><word>agitate</word><biao>[ˈædʒɪˌteɪt]</biao><translate>vt. 摇动；骚动；使…激动 vi. 煽动</translate><title>考纲a.xml</title></words><words><word>agony</word><biao>['æɡəni]</biao><translate>n. 苦恼；极大的痛苦；临死的挣扎</translate><title>考纲a.xml</title></words><words><word>air conditioning</word><biao>没有发音</biao><translate>空调；[建] 空气调节</translate><title>考纲a.xml</title></words><words><word>aisle</word><biao>[aɪl]</biao><translate>n. 通道，走道；侧廊</translate><title>考纲a.xml</title></words><words><word>alert</word><biao>[ə'lɝt]</biao><translate>vt. 警告；使警觉，使意识到 adj. 警惕的，警觉的；留心的 n. 警戒，警惕；警报 n. (Alert)人名；(西)阿莱尔特</translate><title>考纲a.xml</title></words><words><word>alien</word><biao>[ˈeliən,ˈeljən]</biao><translate>adj. 外国的；相异的，性质不同的；不相容的 n. 外国人，外侨；外星人 vt. 让渡，转让 n. (Alien)人名；(法)阿利安</translate><title>考纲a.xml</title></words><words><word>alienate</word><biao>[elɪənˌet]</biao><translate>vt. 使疏远，离间；让与</translate><title>考纲a.xml</title></words><words><word>allege</word><biao>[ə'lɛdʒ]</biao><translate>vt. 宣称，断言；提出…作为理由</translate><title>考纲a.xml</title></words><words><word>allegiance</word><biao>[ə'lidʒəns]</biao><translate>n. 效忠，忠诚；忠贞</translate><title>考纲a.xml</title></words><words><word>alleviate</word><biao>[ə'livɪ'et]</biao><translate>vt. 减轻，缓和</translate><title>考纲a.xml</title></words><words><word>alliance</word><biao>[ə'laɪəns]</biao><translate>n. 联盟，联合；联姻</translate><title>考纲a.xml</title></words><words><word>alloy</word><biao>['ælɔɪ]</biao><translate>vt. 使成合金；使减低成色 n. 合金 vi. 易于铸成合金 n. (Alloy)人名；(英)阿洛伊</translate><title>考纲a.xml</title></words><words><word>alter</word><biao>['ɔltɚ]</biao><translate>vt. 改变，更改 vi. 改变；修改 n. (Alter)人名；(英)奥尔特；(德、捷、葡、爱沙、立陶、拉脱、俄、西、罗、瑞典)阿尔特</translate><title>考纲a.xml</title></words><words><word>alternate</word><biao>[ˈɔltɚˌnet;(for adj.)ˈɔ:ltərnət]</biao><translate>vi. 交替；轮流 vt. 使交替；使轮流 adj. 交替的；轮流的 n. 替换物</translate><title>考纲a.xml</title></words><words><word>ambitious</word><biao>[æm'bɪʃəs]</biao><translate>adj. 野心勃勃的；有雄心的；热望的；炫耀的</translate><title>考纲a.xml</title></words><words><word>ambulance</word><biao>['æmbjələns]</biao><translate>n. [车辆][医] 救护车；战时流动医院</translate><title>考纲a.xml</title></words><words><word>amend</word><biao>[ə'mɛnd]</biao><translate>vt. 修改；改善，改进 vi. 改正，改善；改过自新 n. (Amend)人名；(德、英)阿门德</translate><title>考纲a.xml</title></words><words><word>amiable</word><biao>['emɪəbl]</biao><translate>adj. 和蔼可亲的，亲切的 n. (Amiable)人名；(法)阿米亚布勒；(英)阿米娅布尔</translate><title>考纲a.xml</title></words><words><word>amid</word><biao>[ə'mɪd]</biao><translate>prep. 在其中，在其间 n. (Amid)人名；(法、阿拉伯)阿米德</translate><title>考纲a.xml</title></words><words><word>amplifier</word><biao>['æmplɪfaɪɚ]</biao><translate>n. [电子] 放大器，扩大器；扩音器</translate><title>考纲a.xml</title></words><words><word>amplify</word><biao>['æmplɪfaɪ]</biao><translate>vt. 放大，扩大；增强；详述 vi. 详述</translate><title>考纲a.xml</title></words><words><word>analoge</word><biao>没有发音</biao><translate>analogue:n. 类似物；类似情况；对等的人 | adj. ... analogy:n. 类比；类推；类似</translate><title>考纲a.xml</title></words><words><word>analogue</word><biao>['ænəlɔ:g]</biao><translate>n. 类似物；类似情况；对等的人 adj. 类似的；相似物的；模拟计算机的</translate><title>考纲a.xml</title></words><words><word>analogy</word><biao>[ə'nælədʒi]</biao><translate>n. 类比；类推；类似</translate><title>考纲a.xml</title></words><words><word>analytic</word><biao>[,ænə'lɪtɪk]</biao><translate>adj. 分析的；解析的；善于分析的</translate><title>考纲a.xml</title></words><words><word>analytical</word><biao>[,ænə'lɪtɪkl]</biao><translate>adj. 分析的；解析的；善于分析的</translate><title>考纲a.xml</title></words><words><word>angel</word><biao>['endʒl]</biao><translate>n. 天使；守护神；善人 vt. 出钱支持 n. (Angel)人名；(德、塞、俄、保、瑞典、挪)安格尔；(土)安盖尔；(法、葡)安热尔；(西)安赫尔；(英、罗)安杰尔</translate><title>考纲a.xml</title></words><words><word>anguish</word><biao>['æŋɡwɪʃ]</biao><translate>n. 痛苦；苦恼 vt. 使极度痛苦 vi. 感到极度的痛苦</translate><title>考纲a.xml</title></words><words><word>anonymous</word><biao>[ə'nɑnəməs]</biao><translate>adj. 匿名的，无名的；无个性特征的</translate><title>考纲a.xml</title></words><words><word>antenna</word><biao>[æn'tɛnə]</biao><translate>n. [电讯] 天线；[动] 触角，[昆] 触须 n. (Antenna)人名；(法)安泰纳</translate><title>考纲a.xml</title></words><words><word>anticipate</word><biao>[æn'tɪsə'pet]</biao><translate>vt. 预期，期望；占先，抢先；提前使用</translate><title>考纲a.xml</title></words><words><word>ape</word><biao>[ep]</biao><translate>n. [脊椎] 猿；傻瓜；模仿者 vt. 模仿；抢台词 adj. 狂热的 n. (Ape)人名；(意)阿佩</translate><title>考纲a.xml</title></words><words><word>appal</word><biao>[ə'pɔl]</biao><translate>vt. 使惊骇；惊吓 vi. 减弱；变得苍白；令人发腻</translate><title>考纲a.xml</title></words><words><word>appall</word><biao>[ə'pɔl]</biao><translate>vt. 使胆寒；使惊骇</translate><title>考纲a.xml</title></words><words><word>apparatus</word><biao>[ˌæpəˈrætəs]</biao><translate>n. 装置，设备；仪器；器官</translate><title>考纲a.xml</title></words><words><word>appearance</word><biao>[ə'pɪrəns]</biao><translate>n. 外貌，外观；出现，露面</translate><title>考纲a.xml</title></words><words><word>applause</word><biao>[ə'plɔz]</biao><translate>n. 欢呼，喝采；鼓掌欢迎</translate><title>考纲a.xml</title></words><words><word>appliance</word><biao>[ə'plaɪəns]</biao><translate>n. 器具；器械；装置</translate><title>考纲a.xml</title></words><words><word>applicable</word><biao>['æplɪkəbl]</biao><translate>adj. 可适用的；可应用的；合适的</translate><title>考纲a.xml</title></words><words><word>appraisal</word><biao>[ə'prezl]</biao><translate>n. 评价；估价（尤指估价财产，以便征税）；估计</translate><title>考纲a.xml</title></words><words><word>approval</word><biao>[əˈpruvl]</biao><translate>n. 批准；认可；赞成</translate><title>考纲a.xml</title></words><words><word>approve</word><biao>[ə'prʊv]</biao><translate>vt. 批准；赞成；为…提供证据 vi. 批准；赞成；满意</translate><title>考纲a.xml</title></words><words><word>apt</word><biao>[æpt]</biao><translate>adj. 恰当的；有…倾向的；灵敏的 n. (Apt)人名；(法、波、英)阿普特</translate><title>考纲a.xml</title></words><words><word>archeology</word><biao>[,ɑrki'ɑlədʒi]</biao><translate>n. 考古学（等于archaeology）</translate><title>考纲a.xml</title></words><words><word>archaeology</word><biao>[,ɑrkɪ'ɑlədʒi]</biao><translate>n. 考古学 考古学的</translate><title>考纲a.xml</title></words><words><word>arouse</word><biao>[ə'raʊz]</biao><translate>vt. 引起；唤醒；鼓励 vi. 激发；醒来；发奋</translate><title>考纲a.xml</title></words><words><word>arrogant</word><biao>['ærəɡənt]</biao><translate>adj. 自大的，傲慢的</translate><title>考纲a.xml</title></words><words><word>artery</word><biao>['ɑrtəri]</biao><translate>n. 动脉；干道；主流</translate><title>考纲a.xml</title></words><words><word>articulate</word><biao>[ɑr'tɪkjulet]</biao><translate>vt. 清晰地发（音）；明确有力地表达；用关节连接；使相互连贯 vi. 发音；清楚地讲话；用关节连接起来 adj. 发音清晰的；口才好的；有关节的 n. 【动物学】有节体的动物</translate><title>考纲a.xml</title></words><words><word>artistic</word><biao>[ɑr'tɪstɪk]</biao><translate>adj. 艺术的；风雅的；有美感的</translate><title>考纲a.xml</title></words><words><word>ascend</word><biao>[ə'sɛnd]</biao><translate>vi. 上升；登高；追溯 vt. 攀登，上升</translate><title>考纲a.xml</title></words><words><word>ascertain</word><biao>['æsɚ'ten]</biao><translate>vt. 确定；查明；探知</translate><title>考纲a.xml</title></words><words><word>ashore</word><biao>[ə'ʃɔr]</biao><translate>adv. 在岸上；向岸 adj. 在岸上的；在陆上的</translate><title>考纲a.xml</title></words><words><word>aspire</word><biao>[ə'spaɪr]</biao><translate>vi. 渴望；立志；追求</translate><title>考纲a.xml</title></words><words><word>assassinate</word><biao>[ə'sæsn'et]</biao><translate>vt. 暗杀；行刺</translate><title>考纲a.xml</title></words><words><word>assault</word><biao>[ə'sɔlt]</biao><translate>n. 攻击；袭击 vt. 攻击；袭击 vi. 袭击；动武</translate><title>考纲a.xml</title></words><words><word>assemble</word><biao>[ə'sɛmbl]</biao><translate>vt. 集合，聚集；装配；收集 vi. 集合，聚集</translate><title>考纲a.xml</title></words><words><word>assembly</word><biao>[ə'sɛmbli]</biao><translate>n. 装配；集会，集合 n. 汇编，编译</translate><title>考纲a.xml</title></words><words><word>assert</word><biao>[ə'sɝt]</biao><translate>vt. 维护，坚持；断言；主张；声称</translate><title>考纲a.xml</title></words><words><word>asset</word><biao>['æsɛt]</biao><translate>n. 资产；优点；有用的东西；有利条件；财产；有价值的人或物 n. （法）阿塞（人名）</translate><title>考纲a.xml</title></words><words><word>assign</word><biao>[ə'saɪn]</biao><translate>vt. 分配；指派；[计][数] 赋值 vi. 将财产过户（尤指过户给债权人）</translate><title>考纲a.xml</title></words><words><word>assignment</word><biao>[ə'saɪnmənt]</biao><translate>n. 分配；任务；作业；功课</translate><title>考纲a.xml</title></words><words><word>assimilate</word><biao>[ə'sɪməlet]</biao><translate>vt. 吸收；使同化；把…比作；使相似 vi. 吸收；同化</translate><title>考纲a.xml</title></words><words><word>assurance</word><biao>[ə'ʃʊrəns]</biao><translate>n. 保证，担保；（人寿）保险；确信；断言；厚脸皮，无耻</translate><title>考纲a.xml</title></words><words><word>assure</word><biao>[ə'ʃʊr]</biao><translate>vt. 保证；担保；使确信；弄清楚</translate><title>考纲a.xml</title></words><words><word>attendant</word><biao>[ə'tɛndənt]</biao><translate>adj. 伴随的；侍候的 n. 服务员，侍者；随员，陪从</translate><title>考纲a.xml</title></words><words><word>attorney</word><biao>[ə'tɝni]</biao><translate>n. 律师；代理人；检察官</translate><title>考纲a.xml</title></words><words><word>attribute</word><biao>[(for n.) ˈætrəˌbjut; (for v.) əˈtrɪbjut]</biao><translate>n. 属性；特质 vt. 归属；把…归于</translate><title>考纲a.xml</title></words><words><word>auction</word><biao>['ɔkʃən]</biao><translate>vt. 拍卖；竞卖 n. 拍卖</translate><title>考纲a.xml</title></words><words><word>audio</word><biao>['ɔdɪo]</biao><translate>adj. 声音的；[声] 音频的，[声] 声频的</translate><title>考纲a.xml</title></words><words><word>audit</word><biao>['ɔdɪt]</biao><translate>vi. 审计；[审计] 查账 n. 审计；[审计] 查账 vt. （美）旁听</translate><title>考纲a.xml</title></words><words><word>auditorium</word><biao>[,ɔdɪ'tɔrɪəm]</biao><translate>n. 礼堂，会堂；观众席</translate><title>考纲a.xml</title></words><words><word>augment</word><biao>[ɔɡ'mɛnt]</biao><translate>vi. 增加；增大 vt. 增加；增大 n. 增加；增大</translate><title>考纲a.xml</title></words><words><word>aural</word><biao>['ɔrəl]</biao><translate>adj. 听觉的；耳的；气味的；先兆的 n. (Aural)人名；(西)奥拉尔</translate><title>考纲a.xml</title></words><words><word>auto</word><biao>['ɔto]</biao><translate>n. 汽车（等于automobile）；自动 vi. 乘汽车 n. (Auto)人名；(葡)奥托</translate><title>考纲a.xml</title></words><words><word>automobile</word><biao>[,ɔtəmə'bil]</biao><translate>n. 汽车 vt. 驾驶汽车 [ 过去式 automobiled 过去分词 automobiled 现在分词 automobiling ]</translate><title>考纲a.xml</title></words><words><word>automation</word><biao>[,ɔtə'meʃən]</biao><translate>n. 自动化；自动操作</translate><title>考纲a.xml</title></words><words><word>autonomy</word><biao>[ɔ'tɑnəmi]</biao><translate>n. 自治，自治权</translate><title>考纲a.xml</title></words><words><word>auxiliary</word><biao>[ɔgˈzɪljəri]</biao><translate>n. 助动词；辅助者，辅助物；附属机构 adj. 辅助的；副的；附加的</translate><title>考纲a.xml</title></words><words><word>avail</word><biao>[ə'vel]</biao><translate>n. 效用，利益 vt. 有益于，有益于；使对某人有利。 vi. 有益于，有益于；使对某人有利。</translate><title>考纲a.xml</title></words><words><word>avert</word><biao>[ə'vɝt]</biao><translate>vt. 避免，防止；转移</translate><title>考纲a.xml</title></words><words><word>aviation</word><biao>[,evɪ'eʃən]</biao><translate>n. 航空；飞行术；飞机制造业</translate><title>考纲a.xml</title></words><words><word>await</word><biao>[ə'wet]</biao><translate>vt. 等候，等待；期待</translate><title>考纲a.xml</title></words><words><word>awe</word><biao>[ɔ]</biao><translate>vt. 使敬畏；使畏怯 n. 敬畏 n. (Awe)人名；(德)阿韦</translate><title>考纲a.xml</title></words><words><word>axe</word><biao>[æks]</biao><translate>n. 斧 vt. 削减；用斧砍 n. (Axe)人名；(瑞典)阿克塞；(英)阿克斯</translate><title>考纲a.xml</title></words><words><word>ax</word><biao>[æks]</biao><translate>vt. 削减；用斧修整；解雇 n. 斧头 n. (Ax)人名；(德、芬)阿克斯</translate><title>考纲a.xml</title></words><words><word>axis</word><biao>['æksɪs]</biao><translate>n. 轴；轴线；轴心国</translate><title>考纲a.xml</title></words></wordlist>