<?xml version="1.0" encoding="utf-8" standalone="no"?><wordlist><words><word>state</word><translate>n. 国家；州；情形 vt. 规定；声明；陈述 adj. 国家的；州的；正式的 n. (State)人名；(罗、瑞典)斯塔特；(英)斯泰特</translate><title>恋词unit1.xml</title></words><words><word>statute</word><translate>n. [法] 法规；法令；条例</translate><title>恋词unit1.xml</title></words><words><word>manifestation</word><translate>n. 表现；显示；示威运动</translate><title>恋词unit1.xml</title></words><words><word>statistic</word><translate>adj. 统计的，统计学的 n. 统计数值</translate><title>恋词unit1.xml</title></words><words><word>statistical</word><translate>adj. 统计的；统计学的</translate><title>恋词unit1.xml</title></words><words><word>stationary</word><translate>adj. 固定的；静止的；定居的；常备军的 n. 不动的人；驻军</translate><title>恋词unit1.xml</title></words><words><word>statement</word><translate>n. 声明；陈述，叙述；报表，清单</translate><title>恋词unit1.xml</title></words><words><word>understatement</word><translate>n. 保守的陈述；不充分的陈述；有保留的陈述</translate><title>恋词unit1.xml</title></words><words><word>overstate</word><translate>vt. 夸张；夸大的叙述</translate><title>恋词unit1.xml</title></words><words><word>statesman</word><translate>n. 政治家；国务活动家</translate><title>恋词unit1.xml</title></words><words><word>estate</word><translate>n. 房地产；财产；身份</translate><title>恋词unit1.xml</title></words><words><word>devastate</word><translate>vt. 毁灭；毁坏</translate><title>恋词unit1.xml</title></words><words><word>devastating</word><translate>adj. 毁灭性的；全然的 v. 摧毁（devastate的ing形式）；毁坏</translate><title>恋词unit1.xml</title></words><words><word>workstation</word><translate>n. 工作站</translate><title>恋词unit1.xml</title></words><words><word>status</word><translate>n. 地位；状态；情形；重要身份</translate><title>恋词unit1.xml</title></words><words><word>assert</word><translate>vt. 维护，坚持；断言；主张；声称</translate><title>恋词unit1.xml</title></words><words><word>affirm</word><translate>vt. 肯定；断言 vi. 确认；断言</translate><title>恋词unit1.xml</title></words><words><word>public</word><translate>adj. 公众的；政府的；公用的；公立的 n. 公众；社会；公共场所 n. (Public)人名；(英)帕布利克</translate><title>恋词unit1.xml</title></words><words><word>publication</word><translate>n. 出版；出版物；发表</translate><title>恋词unit1.xml</title></words><words><word>republican</word><translate>adj. 共和国的；共和政体的；共和主义的；拥护共和政体的 n. 共和主义者</translate><title>恋词unit1.xml</title></words><words><word>publicity</word><translate>n. 宣传，宣扬；公开；广告；注意</translate><title>恋词unit1.xml</title></words><words><word>publicized</word><translate>v. 宣传（publicize的过去分词）；公布；广告</translate><title>恋词unit1.xml</title></words><words><word>publicly</word><translate>adv. 公然地；以公众名义</translate><title>恋词unit1.xml</title></words><words><word>in public</word><translate>adv. 公开地，当众</translate><title>恋词unit1.xml</title></words><words><word>mass</word><translate>n. 块，团；群众，民众；大量，众多；质量 adj. 群众的，民众的；大规模的，集中的 vi. 聚集起来，聚集 vt. 使集合</translate><title>恋词unit1.xml</title></words><words><word>civil</word><translate>adj. 公民的；民间的；文职的；有礼貌的；根据民法的 n. (Civil)人名；(土)吉维尔；(法)西维尔</translate><title>恋词unit1.xml</title></words><words><word>law</word><translate>n. 法律；规律；法治；法学；诉讼；司法界 vi. 起诉；控告 vt. 控告；对…起诉 n. (Law)人名；(东南亚国家华语)刘；(英、缅、柬)劳</translate><title>恋词unit1.xml</title></words><words><word>claw</word><translate>n. 爪；螯，钳；爪形器具 vi. 用爪抓（或挖） vt. 用爪抓（或挖）</translate><title>恋词unit1.xml</title></words><words><word>lawful</word><translate>adj. 合法的；法定的；法律许可的</translate><title>恋词unit1.xml</title></words><words><word>lawsuit</word><translate>n. 诉讼（尤指非刑事案件）；诉讼案件</translate><title>恋词unit1.xml</title></words><words><word>flaw</word><translate>n. 瑕疵，缺点；一阵狂风；短暂的风暴；裂缝，裂纹 v. 使生裂缝，使有裂纹；使无效；使有缺陷 vi. 生裂缝；变的有缺陷</translate><title>恋词unit1.xml</title></words><words><word>lawyer</word><translate>n. 律师；法学家 n. (Lawyer)人名；(英)劳耶</translate><title>恋词unit1.xml</title></words><words><word>legislation</word><translate>n. 立法；法律</translate><title>恋词unit1.xml</title></words><words><word>mean</word><translate>adj. 平均的；卑鄙的；低劣的；吝啬的 vt. 意味；想要；意欲 n. 平均值 vi. 用意 n. (Mean)人名；(柬)棉</translate><title>恋词unit1.xml</title></words><words><word>meaning</word><translate>n. 意义；含义；意图 adj. 意味深长的 v. 意味；意思是（mean的ing形式）</translate><title>恋词unit1.xml</title></words><words><word>well-meaning</word><translate>adj. 善意的；好心的</translate><title>恋词unit1.xml</title></words><words><word>meaningfully</word><translate>adv. 有意义地；意味深长地；有意图地</translate><title>恋词unit1.xml</title></words><words><word>means</word><translate>n. 手段；方法；财产 v. 意思是；打算（mean的第三人称单数） [ 复数means ]</translate><title>恋词unit1.xml</title></words><words><word>meanwhile</word><translate>adv. 同时，其间 n. 其间，其时</translate><title>恋词unit1.xml</title></words><words><word>by means of</word><translate>用，依靠</translate><title>恋词unit1.xml</title></words><words><word>by no means</word><translate>决不</translate><title>恋词unit1.xml</title></words><words><word>indicate</word><translate>vt. 表明；指出；预示；象征</translate><title>恋词unit1.xml</title></words><words><word>implication</word><translate>n. 含义；暗示；牵连，卷入；可能的结果，影响</translate><title>恋词unit1.xml</title></words><words><word>influential</word><translate>adj. 有影响的；有势力的 n. 有影响力的人物</translate><title>恋词unit1.xml</title></words><words><word>impact</word><translate>n. 影响；效果；碰撞；冲击力 vt. 挤入，压紧；撞击；对…产生影响 vi. 影响；撞击；冲突；压紧（on，upon，with）</translate><title>恋词unit1.xml</title></words><words><word>live</word><translate>adj. 活的；生动的；实况转播的；精力充沛的 vt. 经历；度过 vi. 活；居住；生存 n. (Live)人名；(法)利夫</translate><title>恋词unit1.xml</title></words><words><word>alive</word><translate>adj. 活着的；活泼的；有生气的</translate><title>恋词unit1.xml</title></words><words><word>deliver</word><translate>vt. 交付；发表；递送；释放；给予（打击）；给…接生 vi. 实现；传送；履行；投递 n. 投球</translate><title>恋词unit1.xml</title></words><words><word>delivery</word><translate>n. [贸易] 交付；分娩；递送</translate><title>恋词unit1.xml</title></words><words><word>outlive</word><translate>vt. 比…活得长；比…经久；经受住；渡过…而存在</translate><title>恋词unit1.xml</title></words><words><word>liveliness</word><translate>n. 活泼；热烈；鲜明</translate><title>恋词unit1.xml</title></words><words><word>livelihood</word><translate>n. 生计，生活；营生</translate><title>恋词unit1.xml</title></words><words><word>live off</word><translate>以…为食料；靠…生活；住在…之外</translate><title>恋词unit1.xml</title></words><words><word>dwell</word><translate>vi. 居住；存在于；细想某事</translate><title>恋词unit1.xml</title></words><words><word>reside</word><translate>vi. 住，居住；属于</translate><title>恋词unit1.xml</title></words><words><word>survive</word><translate>vt. 幸存；生还；幸免于；比...活得长 vi. 幸存；活下来</translate><title>恋词unit1.xml</title></words><words><word>survival</word><translate>n. 幸存，残存；幸存者，残存物</translate><title>恋词unit1.xml</title></words><words><word>inhabit</word><translate>vt. 栖息；居住于；占据 vi. （古）居住；栖息</translate><title>恋词unit1.xml</title></words><words><word>settle</word><translate>vi. 解决；定居；沉淀；下陷 vt. 解决；安排；使…定居 n. 有背长椅 n. (Settle)人名；(英)塞特尔</translate><title>恋词unit1.xml</title></words><words><word>federal</word><translate>adj. 联邦的；同盟的；联邦政府的； 联邦制的 adv. 联邦政府地 n. (Federal)人名；(英)费德勒尔</translate><title>恋词unit1.xml</title></words><words><word>federation</word><translate>n. 联合；联邦；联盟；联邦政府</translate><title>恋词unit1.xml</title></words><words><word>FBI</word><translate>abbr. （美国）联邦调查局（Federal Bureau of Investigation）；英国工业联合会（Federation of British Industries）</translate><title>恋词unit1.xml</title></words><words><word>CIA</word><translate>abbr. 中央情报局（Central Intelligence Agency）</translate><title>恋词unit1.xml</title></words><words><word>large</word><translate>adj. 大的；多数的；广博的 adv. 大大地；夸大地 n. 大 n. (Large)人名；(英)拉奇；(法)拉尔热</translate><title>恋词unit1.xml</title></words><words><word>largely</word><translate>adv. 主要地；大部分；大量地</translate><title>恋词unit1.xml</title></words><words><word>enlarge</word><translate>vi. 扩大；放大；详述 vt. 扩大；使增大；扩展</translate><title>恋词unit1.xml</title></words><words><word>at large</word><translate>详尽的；未被捕的，整个的</translate><title>恋词unit1.xml</title></words><words><word>bulky</word><translate>adj. 体积大的；庞大的；笨重的</translate><title>恋词unit1.xml</title></words><words><word>outsize</word><translate>adj. 特大的 n. 特大号</translate><title>恋词unit1.xml</title></words><words><word>huge</word><translate>adj. 巨大的；庞大的；无限的 n. (Huge)人名；(英)休奇</translate><title>恋词unit1.xml</title></words><words><word>mark</word><translate>n. 标志；马克；符号；痕迹；分数 vi. 作记号 vt. .标志；做标记于；打分数 n. . 标志；做标记于；打分数</translate><title>恋词unit1.xml</title></words><words><word>market</word><translate>n. 市场；行情；股票市场；市面；集市；销路；商店 vt. 在市场上出售 vi. 做买卖 n. (Market)人名；(塞)马尔凯特</translate><title>恋词unit1.xml</title></words><words><word>marketplace</word><translate>n. 市场；商场；市集</translate><title>恋词unit1.xml</title></words><words><word>marked</word><translate>adj. 显著的；有记号的 v. 表示（mark的过去分词）；作记号；打分数</translate><title>恋词unit1.xml</title></words><words><word>marketer</word><translate>n. [贸易] 市场商人；市场营销人员</translate><title>恋词unit1.xml</title></words><words><word>remark</word><translate>n. 注意；言辞 vt. 评论；觉察 vi. 谈论</translate><title>恋词unit1.xml</title></words><words><word>remarkable</word><translate>adj. 卓越的；非凡的；值得注意的</translate><title>恋词unit1.xml</title></words><words><word>landmark</word><translate>n. [航]陆标；地标；界标；里程碑；纪念碑；地界标；划时代的事 adj. 有重大意义或影响的 n. （瑞典、挪）兰德马克（人名）</translate><title>恋词unit1.xml</title></words><words><word>blot</word><translate>vi. 吸墨水；弄上墨渍或污渍 vt. 涂污，弄脏；用吸墨纸弄干（或除去） n. 污点，污渍；墨水渍 n. (Blot)人名；(法)布洛</translate><title>恋词unit1.xml</title></words><words><word>spot</word><translate>n. 地点；斑点 vt. 认出；弄脏；用灯光照射 vi. 沾上污渍；满是斑点 adj. 现场的；现货买卖的 adv. 准确地；恰好</translate><title>恋词unit1.xml</title></words><words><word>stain</word><translate>vt. 玷污；败坏；给…着色 vi. 污染；被玷污；被染污 n. 污点；瑕疵；着色剂</translate><title>恋词unit1.xml</title></words><words><word>symbol</word><translate>n. 象征；符号；标志</translate><title>恋词unit1.xml</title></words><words><word>system</word><translate>n. 制度，体制；系统；方法</translate><title>恋词unit1.xml</title></words><words><word>systematic</word><translate>adj. 系统的；体系的；有系统的；[图情] 分类的；一贯的，惯常的</translate><title>恋词unit1.xml</title></words><words><word>systematically</word><translate>adv. 有系统地；有组织地</translate><title>恋词unit1.xml</title></words><words><word>regime</word><translate>n. 政权，政体；社会制度；管理体制</translate><title>恋词unit1.xml</title></words><words><word>organization</word><translate>n. 组织；机构；体制；团体</translate><title>恋词unit1.xml</title></words><words><word>stress</word><translate>n. 压力；强调；紧张；重要性；重读 vt. 强调；使紧张；加压力于；用重音读 n. (Stress)人名；(意)斯特雷斯</translate><title>恋词unit1.xml</title></words><words><word>stressed-out</word><translate>adj. 不堪重负的；承受巨大压力的</translate><title>恋词unit1.xml</title></words><words><word>highlight</word><translate>vt. 突出；强调；使显著；加亮 n. 最精彩的部分；最重要的事情；加亮区</translate><title>恋词unit1.xml</title></words><words><word>emphasize</word><translate>vt. 强调，着重</translate><title>恋词unit1.xml</title></words><words><word>strain</word><translate>n. 张力；拉紧；负担；扭伤；血缘 vi. 拉紧；尽力 vt. 拉紧；滥用；滤去；竭力 n. (Strain)人名；(英)斯特兰 n. （植物、动物的）品种；种类</translate><title>恋词unit1.xml</title></words></wordlist>