<?xml version="1.0" encoding="utf-8" standalone="no"?><wordlist><words><word>baby</word><translate>n. 婴儿，婴孩；孩子气的人 vt. 纵容，娇纵；把……当婴儿般对待 adj. 婴儿的；幼小的 n. (Baby)人名；(法、葡)巴比；(英)巴比，芭比(女名)；(俄)巴贝</translate><title>新课标b.xml</title></words><words><word>bachelor</word><translate>n. 学士；单身汉；（尚未交配的）小雄兽 n. (Bachelor)人名；(英)巴彻勒</translate><title>新课标b.xml</title></words><words><word>back</word><translate>n. 后面；背部；靠背；足球等的后卫；书报等的末尾 vt. 支持；后退；背书；下赌注 vi. 后退；背靠；倒退 adv. 以前；向后地；来回地；上溯；回来；回原处 adj. 后面的；过去的；拖欠的 n. (Back)人名；(西、英、德、法、瑞典、捷)巴克</translate><title>新课标b.xml</title></words><words><word>background</word><translate>n. 背景；隐蔽的位置 vt. 作…的背景 adj. 背景的；发布背景材料的</translate><title>新课标b.xml</title></words><words><word>backward</word><translate>adj. 向后的；反向的；发展迟缓的 adv. 向后地；相反地</translate><title>新课标b.xml</title></words><words><word>bacon</word><translate>n. 咸肉；腌肉；熏猪肉</translate><title>新课标b.xml</title></words><words><word>bacterium</word><translate>n. [微] 细菌；杆菌属</translate><title>新课标b.xml</title></words><words><word>bad</word><translate>adj. 坏的；严重的；劣质的 n. 坏事；坏人 adv. 很，非常；坏地；邪恶地 n. (Bad)人名；(罗)巴德</translate><title>新课标b.xml</title></words><words><word>badminton</word><translate>n. 羽毛球</translate><title>新课标b.xml</title></words><words><word>bag</word><translate>n. 袋；猎获物；（俚）一瓶啤酒 vt. 猎获；把…装入袋中；占据，私吞；使膨大 vi. 松垂</translate><title>新课标b.xml</title></words><words><word>baggage</word><translate>n. 行李；[交] 辎重（军队的）</translate><title>新课标b.xml</title></words><words><word>bakery</word><translate>n. 面包店</translate><title>新课标b.xml</title></words><words><word>balance</word><translate>n. 平衡；余额；匀称 vt. 使平衡；结算；使相称 vi. 保持平衡；相称；抵销 n. (Balance)人名；(西)巴兰塞</translate><title>新课标b.xml</title></words><words><word>balcony</word><translate>n. 阳台；包厢；戏院楼厅</translate><title>新课标b.xml</title></words><words><word>ball</word><translate>n. 球；舞会 vi. 成团块 vt. 捏成球形 n. (Ball)人名；(土)巴勒；(英、西)鲍尔；(法、德、俄、罗、捷)巴尔</translate><title>新课标b.xml</title></words><words><word>ballet</word><translate>n. 芭蕾舞剧；芭蕾舞乐曲 n. (Ballet)人名；(西)巴列特；(法)巴莱</translate><title>新课标b.xml</title></words><words><word>balloon</word><translate>vi. 激增；膨胀如气球 n. 气球 vt. 使像气球般鼓起；使激增 adj. 像气球般鼓起的 n. (Balloon)人名；(法)巴隆</translate><title>新课标b.xml</title></words><words><word>bamboo</word><translate>n. 竹，竹子 vt. 为…装上篾条 adj. 竹制的；土著居民的</translate><title>新课标b.xml</title></words><words><word>ban</word><translate>vt. 禁止，取缔 n. 禁令，禁忌 n. (Ban)人名；(日)蕃(名)；(缅、老、柬)班；(东南亚国家华语)万；(法)邦；(中)饼(广东话·威妥玛)；(德、塞、罗、阿拉伯)巴恩；(英)班恩</translate><title>新课标b.xml</title></words><words><word>banana</word><translate>n. 香蕉；喜剧演员；大鹰钩鼻 n. (Banana)人名；(葡、津)巴纳纳</translate><title>新课标b.xml</title></words><words><word>band</word><translate>n. 带，环；[物] 波段；(演奏流行音乐的) 乐队 vi. 用带绑扎；给...镶边 n. n.乐队；队；一群</translate><title>新课标b.xml</title></words><words><word>bandage</word><translate>n. 绷带 vt. 用绷带包扎</translate><title>新课标b.xml</title></words><words><word>bank</word><translate>n. 银行；岸；浅滩；储库 vt. 将…存入银行；倾斜转弯 vi. 堆积；倾斜转弯 n. (Bank)人名；(英、德、俄)班克；(法、匈)邦克</translate><title>新课标b.xml</title></words><words><word>bar</word><translate>n. 条，棒；酒吧；障碍；法庭 vt. 禁止；阻拦 prep. 除……外 n. (Bar)人名；(阿拉伯、德、法、俄、罗、捷、波、葡、以)巴尔</translate><title>新课标b.xml</title></words><words><word>barbecue</word><translate>n. 烤肉；吃烤肉的野宴 vt. 烧烤；烤肉</translate><title>新课标b.xml</title></words><words><word>barber</word><translate>vt. 为…理发；修整 n. 理发师 vi. 当理发师 n. (Barber)人名；(西)巴尔韦尔；(英)巴伯；(罗)巴尔伯</translate><title>新课标b.xml</title></words><words><word>barbershop</word><translate>n. 理发店 adj. 有男声合唱之和声的</translate><title>新课标b.xml</title></words><words><word>bare</word><translate>adj. 空的；赤裸的，无遮蔽的 vt. 露出，使赤裸 n. (Bare)人名；(英)贝尔</translate><title>新课标b.xml</title></words><words><word>bargain</word><translate>n. 交易；便宜货；契约 v. 讨价还价；议价；(谈价钱后)卖</translate><title>新课标b.xml</title></words><words><word>bark</word><translate>n. 树皮；深青棕色；毛皮；皮肤；狗叫 vt. 狗叫；尖叫；剥皮 n. (Bark)人名；(英、西、德、捷、法、芬、瑞典)巴克；(阿拉伯、俄)巴尔克</translate><title>新课标b.xml</title></words><words><word>barrier</word><translate>n. 障碍物，屏障；界线 vt. 把…关入栅栏 n. (Barrier)人名；(法)巴里耶</translate><title>新课标b.xml</title></words><words><word>base</word><translate>n. 基础；底部；垒 adj. 卑鄙的；低劣的 vt. 以…作基础 n. (Base)人名；(日)马濑(姓)</translate><title>新课标b.xml</title></words><words><word>baseball</word><translate>n. 棒球；棒球运动</translate><title>新课标b.xml</title></words><words><word>basement</word><translate>n. 地下室；地窖</translate><title>新课标b.xml</title></words><words><word>basic</word><translate>adj. 基本的；基础的 n. 基础；要素</translate><title>新课标b.xml</title></words><words><word>basin</word><translate>n. 水池；流域；盆地；盆 n. (Basin)人名；(俄)巴辛；(法)巴赞</translate><title>新课标b.xml</title></words><words><word>basis</word><translate>n. 基础；底部；主要成分；基本原则或原理</translate><title>新课标b.xml</title></words><words><word>basket</word><translate>n. 篮子；（篮球比赛的）得分；一篮之量；篮筐 vt. 装入篮</translate><title>新课标b.xml</title></words><words><word>basketball</word><translate>n. 篮球；篮球运动</translate><title>新课标b.xml</title></words><words><word>bat</word><translate>n. 蝙蝠；球棒；球拍；批处理文件的扩展名 vt. 用球棒击球；击球率达… vi. 轮到击球；用球棒击球 n. (Bat)人名；(蒙、英)巴特</translate><title>新课标b.xml</title></words><words><word>bath</word><translate>n. 沐浴；浴室；浴盆 vt. 洗澡 vi. 洗澡</translate><title>新课标b.xml</title></words><words><word>bathe</word><translate>vt. 沐浴；用水洗 vi. 洗澡；沐浴 n. 洗澡；游泳 n. (Bathe)人名；(德)巴特；(英)巴思</translate><title>新课标b.xml</title></words><words><word>bathroom</word><translate>n. 浴室；厕所；盥洗室</translate><title>新课标b.xml</title></words><words><word>bathtub</word><translate>n. 浴缸</translate><title>新课标b.xml</title></words><words><word>battery</word><translate>n. [电] 电池，蓄电池 n. [法]殴打 n. [军]炮台，炮位</translate><title>新课标b.xml</title></words><words><word>battle</word><translate>n. 战役；斗争 vi. 斗争；作战 vt. 与…作战 n. (Battle)人名；(英)巴特尔；(法)巴特勒；(西)巴特莱</translate><title>新课标b.xml</title></words><words><word>bay</word><translate>n. 海湾；狗吠声 vt. 向…吠叫 vi. 吠叫；大声叫嚷 n. (Bay)人名；(越)七；(英、老)贝；(德、意、罗、捷、土、丹)巴伊；(匈)鲍伊；(瑞典)巴伊</translate><title>新课标b.xml</title></words><words><word>BC</word><translate>abbr. 公元前（Before Christ）</translate><title>新课标b.xml</title></words><words><word>be</word><translate>vt. 是； 有，存在； 做，成为； 发生 n. (Be)人名；(缅)拜；(日)部(姓)；(朝)培；(中非)贝</translate><title>新课标b.xml</title></words><words><word>beach</word><translate>n. 海滩；湖滨 vt. 将…拖上岸 vi. 搁浅；定居 n. (Beach)人名；(英)比奇</translate><title>新课标b.xml</title></words><words><word>bean</word><translate>n. 豆；嘴峰；毫无价值的东西 vt. 击…的头部 n. (Bean)人名；(英)比恩</translate><title>新课标b.xml</title></words><words><word>bean curd</word><translate>豆腐</translate><title>新课标b.xml</title></words><words><word>bear</word><translate>vt. 结果实，开花（正式） vt. 忍受；承受；具有；支撑 n. 熊 n. (Bear)人名；(英)贝尔</translate><title>新课标b.xml</title></words><words><word>beard</word><translate>vt. 公然反对；抓…的胡须 n. 胡须；颌毛 vi. 充当掩护；充当男随员 n. (Beard)人名；(英)比尔德</translate><title>新课标b.xml</title></words><words><word>beast</word><translate>n. 野兽；畜生，人面兽心的人</translate><title>新课标b.xml</title></words><words><word>beat</word><translate>vt. 打；打败 vi. 打；打败；拍打；有节奏地舒张与收缩 n. 拍子；敲击；有规律的一连串敲打 adj. 筋疲力尽的；疲惫不堪的 n. (Beat)人名；(德)贝亚特</translate><title>新课标b.xml</title></words><words><word>beautiful</word><translate>adj. 美丽的 出色地 出色的 迷人的 迷人地</translate><title>新课标b.xml</title></words><words><word>beauty</word><translate>n. 美；美丽；美人；美好的东西</translate><title>新课标b.xml</title></words><words><word>because</word><translate>conj. 因为</translate><title>新课标b.xml</title></words><words><word>become</word><translate>vi. 成为；变得；变成 vt. 适合；相称</translate><title>新课标b.xml</title></words><words><word>bed</word><translate>n. 床；基础；河底， 海底 vt. 使睡觉；安置，嵌入；栽种 vi. 上床；分层</translate><title>新课标b.xml</title></words><words><word>bedding</word><translate>n. 寝具；（建筑）[建] 基床；（家畜）草垫 adj. 适于花坛种植的 vt. 把…栽入苗床（bed的ing形式） vi. 睡（bed的ing形式）</translate><title>新课标b.xml</title></words><words><word>bedroom</word><translate>n. 卧室 adj. 两性关系的；城郊住宅区的</translate><title>新课标b.xml</title></words><words><word>beef</word><translate>n. 牛肉；肌肉；食用牛；牢骚 vi. 抱怨，告发；发牢骚 vt. 养；加强</translate><title>新课标b.xml</title></words><words><word>beer</word><translate>n. 啤酒 vi. 喝啤酒 n. (Beer)人名；(法、德、俄、罗、捷、瑞典)贝尔；(英、西、南非)[纺] 比尔</translate><title>新课标b.xml</title></words><words><word>before</word><translate>prep. 在…之前，先于 adv. 以前；在前 conj. 在…以前；在…之前</translate><title>新课标b.xml</title></words><words><word>beg</word><translate>vt. 乞讨；恳求；回避正题 vi. 乞讨；请求 n. (Beg)人名；(德、塞、巴基)贝格</translate><title>新课标b.xml</title></words><words><word>begin</word><translate>vt. 开始 vi. 开始；首先 n. (Begin)人名；(以、德)贝京；(英)贝让</translate><title>新课标b.xml</title></words><words><word>behalf</word><translate>n. 代表；利益</translate><title>新课标b.xml</title></words><words><word>behave</word><translate>vi. 表现；（机器等）运转；举止端正；（事物）起某种作用 vt. 使守规矩；使表现得…</translate><title>新课标b.xml</title></words><words><word>behaviour</word><translate>n. 行为；习性；运行状况（=behavior）</translate><title>新课标b.xml</title></words><words><word>behind</word><translate>prep. 落后于；支持；晚于 adv. 在后地；在原处 n. 屁股</translate><title>新课标b.xml</title></words><words><word>being</word><translate>n. 存在；生命；本质；品格 adj. 存在的；现有的</translate><title>新课标b.xml</title></words><words><word>belief</word><translate>n. 相信，信赖；信仰；教义</translate><title>新课标b.xml</title></words><words><word>believe</word><translate>vi. 信任；料想；笃信宗教 vt. 相信；认为；信任</translate><title>新课标b.xml</title></words><words><word>bell</word><translate>n. 铃，钟；钟声，铃声；钟状物 vt. 装钟于，系铃于 vi. 鸣钟；成钟状鼓起</translate><title>新课标b.xml</title></words><words><word>belly</word><translate>n. 腹部；胃；食欲 vi. 涨满；鼓起 vt. 使鼓起 n. (Belly)人名；(法、意、葡)贝利</translate><title>新课标b.xml</title></words><words><word>belong</word><translate>vi. 属于，应归入；居住；适宜；应被放置</translate><title>新课标b.xml</title></words><words><word>below</word><translate>adv. 在下面，在较低处；在本页下面 prep. 在…下面 n. (Below)人名；(英、德、芬、瑞典)贝洛</translate><title>新课标b.xml</title></words><words><word>belt</word><translate>n. 带；腰带；地带 vt. 用带子系住；用皮带抽打 vi. 猛击 n. (Belt)人名；(英、法、德、西)贝尔特</translate><title>新课标b.xml</title></words><words><word>bench</word><translate>n. 长凳；工作台；替补队员 vt. 给…以席位；为…设置条凳 n. (Bench)人名；(英)本奇；(德)本希；(丹)本克</translate><title>新课标b.xml</title></words><words><word>bend</word><translate>vt. 使弯曲；使屈服；使致力；使朝向 vi. 弯曲，转弯；屈服；倾向；专心于 n. 弯曲 n. (Bend)人名；(瑞典)本德</translate><title>新课标b.xml</title></words><words><word>beneath</word><translate>prep. 在…之下 adv. 在下方</translate><title>新课标b.xml</title></words><words><word>benefit</word><translate>n. 利益，好处；救济金 vt. 有益于，对…有益 vi. 受益，得益</translate><title>新课标b.xml</title></words><words><word>bent</word><translate>n. 爱好，嗜好 adj. 弯曲的；决心的 n. (Bent)人名；(英、西、丹、挪、印)本特</translate><title>新课标b.xml</title></words><words><word>beside</word><translate>prep. 在旁边；与…相比；和…无关</translate><title>新课标b.xml</title></words><words><word>besides</word><translate>adv. 此外；而且 prep. 除…之外</translate><title>新课标b.xml</title></words><words><word>betray</word><translate>vt. 背叛；出卖；泄露（秘密）；露出…迹象</translate><title>新课标b.xml</title></words><words><word>between</word><translate>prep. 在…之间 adv. 在中间</translate><title>新课标b.xml</title></words><words><word>beyond</word><translate>prep. 超过；越过；那一边；在...较远的一边 adv. 在远处；在更远处 n. 远处</translate><title>新课标b.xml</title></words><words><word>bicycle</word><translate>n. 自行车 vi. 骑脚踏车 vt. 骑自行车运送</translate><title>新课标b.xml</title></words><words><word>bid</word><translate>vt. 投标；出价；表示；吩咐 vi. 投标；吩咐 n. 出价；叫牌；努力争取 n. (Bid)人名；(俄)比德</translate><title>新课标b.xml</title></words><words><word>big</word><translate>adj. 大的；重要的；量大的 adv. 大量地；顺利；夸大地 n. (Big)人名；(土)比格</translate><title>新课标b.xml</title></words><words><word>bike</word><translate>n. 自行车；脚踏车 vi. 骑自行车（或摩托车） n. (Bike)人名；(土、土库、塞)比克</translate><title>新课标b.xml</title></words><words><word>bill</word><translate>n. [法] 法案；广告；账单；[金融] 票据；钞票；清单 vt. 宣布；开账单；用海报宣传</translate><title>新课标b.xml</title></words><words><word>billion</word><translate>n. 十亿；大量 num. 十亿 adj. 十亿的 n. (Billion)人名；(法)比利翁</translate><title>新课标b.xml</title></words><words><word>bingo</word><translate>n. 宾戈游戏 n. (Bingo)人名；(日)备后(姓)</translate><title>新课标b.xml</title></words><words><word>biochemistry</word><translate>n. 生物化学 生物化学过程</translate><title>新课标b.xml</title></words><words><word>biography</word><translate>n. 传记；档案；个人简介</translate><title>新课标b.xml</title></words><words><word>biology</word><translate>n. （一个地区全部的）生物；生物学</translate><title>新课标b.xml</title></words><words><word>bird</word><translate>n. 鸟；家伙；羽毛球 vt. 向…喝倒彩；起哄 vi. 猎鸟；观察研究野鸟 n. (Bird)人名；(英、西)伯德</translate><title>新课标b.xml</title></words><words><word>birth</word><translate>n. 出生；血统，出身；起源</translate><title>新课标b.xml</title></words><words><word>birthday</word><translate>n. 生日，诞辰；诞生的日子</translate><title>新课标b.xml</title></words><words><word>birthplace</word><translate>n. 出生地 发源地</translate><title>新课标b.xml</title></words><words><word>biscuit</word><translate>n. 小点心，饼干</translate><title>新课标b.xml</title></words><words><word>bishop</word><translate>n. （基督教的）主教；（国际象棋的）象</translate><title>新课标b.xml</title></words><words><word>bit</word><translate>n. [计] 比特（二进位制信息单位）；少量；马嚼子；辅币；老一套；一点，一块 vt. 控制 adj. 很小的；微不足道的 adv. 有点儿；相当 vt. 咬（bite的过去式和过去分词）</translate><title>新课标b.xml</title></words><words><word>bitter</word><translate>adj. 苦的；痛苦的；尖刻的；充满仇恨的 n. 苦味；苦啤酒 adv. 激烈地；严寒刺骨地 vt. 使变苦 n. (Bitter)人名；(英、法、德、芬、捷、匈)比特</translate><title>新课标b.xml</title></words><words><word>black</word><translate>adj. 黑色的；黑人的；邪恶的 n. 黑色；黑人；黑颜料 vt. 使变黑；把鞋油等涂在…上；把（眼眶）打成青肿 vi. 变黑 n. (Black)人名；(英、西)布莱克；(德、葡、捷)布拉克</translate><title>新课标b.xml</title></words><words><word>blackboard</word><translate>n. 黑板</translate><title>新课标b.xml</title></words><words><word>blame</word><translate>vt. 责备；归咎于 n. 责备；责任；过失</translate><title>新课标b.xml</title></words><words><word>blank</word><translate>adj. 空白的；空虚的；单调的 n. 空白；空虚；空白表格 vt. 使…无效；使…模糊；封锁 vi. 消失；成为空白 n. (Blank)人名；(法)布朗克；(英、德、西、俄、罗、捷、瑞典、芬)布兰克</translate><title>新课标b.xml</title></words><words><word>blanket</word><translate>n. 毛毯，毯子；毯状物，覆盖层 adj. 总括的，全体的；没有限制的 vt. 覆盖，掩盖；用毯覆盖</translate><title>新课标b.xml</title></words><words><word>bleed</word><translate>vt. 使出血；榨取 vi. 流血；渗出；悲痛</translate><title>新课标b.xml</title></words><words><word>bless</word><translate>vt. 祝福；保佑；赞美 n. (Bless)人名；(英、意、德、匈)布莱斯</translate><title>新课标b.xml</title></words><words><word>blind</word><translate>adj. 盲目的；瞎的 adv. 盲目地；看不见地 n. 掩饰，借口；百叶窗 vt. 使失明；使失去理智 n. (Blind)人名；(法)布兰；(德、瑞典)布林德</translate><title>新课标b.xml</title></words><words><word>block</word><translate>n. 块；街区；大厦；障碍物 vt. 阻止；阻塞；限制；封盖 adj. 成批的，大块的；交通堵塞的 n. (Block)人名；(英、法、德、西、葡、芬、罗)布洛克</translate><title>新课标b.xml</title></words><words><word>blood</word><translate>n. 血，血液；血统 vt. 从…抽血；使先取得经验 n. (Blood)人名；(英、西)布拉德</translate><title>新课标b.xml</title></words><words><word>blouse</word><translate>n. 宽松的上衣；女装衬衫 vt. 使…宽松下垂 vi. 宽松下垂</translate><title>新课标b.xml</title></words><words><word>blow</word><translate>n. 吹；打击；殴打 vi. 风吹；喘气 vt. 风吹 n. (Blow)人名；(英)布洛</translate><title>新课标b.xml</title></words><words><word>blue</word><translate>n. 蓝色；[复数]（美国海、陆、空三军穿的）蓝色制服；蓝颜料；[the blue(s)][用作单数或复数]布鲁斯（歌曲）（一种伤感的美国黑人民歌 adj. 蓝色的；沮丧的，忧郁的；下流的 vt. 把…染成蓝色；使成蓝色；给…用上蓝剂；用上蓝剂于 vi. 变成蓝色，呈蓝色 n. （英、西、意）布卢（人名）</translate><title>新课标b.xml</title></words><words><word>board</word><translate>n. 董事会；木板；甲板；膳食 vt. 上（飞机、车、船等）；用板盖上；给提供膳宿 vi. 寄宿 n. (Board)人名；(英、西)博德</translate><title>新课标b.xml</title></words><words><word>boat</word><translate>n. 小船；轮船 vi. 划船</translate><title>新课标b.xml</title></words><words><word>body</word><translate>n. 身体；主体；大量；团体；主要部分 vt. 赋以形体 n. (Body)人名；(英、法、罗)博迪</translate><title>新课标b.xml</title></words><words><word>boil</word><translate>vi. 煮沸，沸腾；激动，激昂 vt. 煮沸，烧开；使…激动；使…蒸发 n. 沸腾，煮沸；疖子 n. (Boil)人名；(俄)博伊尔</translate><title>新课标b.xml</title></words><words><word>bomb</word><translate>vt. 轰炸，投弹于 vi. 轰炸，投弹；失败 n. 炸弹</translate><title>新课标b.xml</title></words><words><word>bond</word><translate>n. 债券；结合；约定；粘合剂；纽带 vi. 结合，团结在一起 vt. 使结合；以…作保 n. (Bond)人名；(英、德、西、刚(金)、瑞典)邦德</translate><title>新课标b.xml</title></words><words><word>bone</word><translate>n. 骨；骨骼 vt. 剔去...的骨；施骨肥于 vi. 苦学；专心致志 n. (Bone)人名；(英)博恩；(法、西、罗、塞)博内；(老)奔</translate><title>新课标b.xml</title></words><words><word>bonus</word><translate>n. 奖金；红利；额外津贴 n. (Bonus)人名；(西、塞)博努斯</translate><title>新课标b.xml</title></words><words><word>book</word><translate>n. 书籍；卷；账簿；名册；工作簿 vt. 预订；登记 n. (Book)人名；(中)卜(广东话·威妥玛)；(朝)北；(英)布克；(瑞典)博克</translate><title>新课标b.xml</title></words><words><word>boom</word><translate>vt. 使兴旺；发隆隆声 vi. 急速发展；发隆隆声 n. 繁荣；吊杆；隆隆声 n. (Boom)人名；(法、德)博姆</translate><title>新课标b.xml</title></words><words><word>boot</word><translate>vt. 引导；踢；解雇；使穿靴 n. 靴子；踢；汽车行李箱 n. (Boot)人名；(英)布特；(德)博特</translate><title>新课标b.xml</title></words><words><word>booth</word><translate>n. 货摊；公用电话亭 n. (Booth)人名；(英)布思；(德、瑞典)博特</translate><title>新课标b.xml</title></words><words><word>border</word><translate>n. 边境；边界；国界 vt. 接近；与…接壤；在…上镶边 vi. 接界；近似 n. (Border)人名；(英)博德</translate><title>新课标b.xml</title></words><words><word>bored</word><translate>adj. 无聊的；无趣的；烦人的 v. 使厌烦（bore的过去式）；烦扰</translate><title>新课标b.xml</title></words><words><word>boring</word><translate>adj. 无聊的；令人厌烦的 n. 钻孔 v. 钻孔；使厌烦；挖空（bore的ing形式） n. (Boring)人名；(英、瑞典)博林</translate><title>新课标b.xml</title></words><words><word>born</word><translate>v. 出世（bear的过去分词） adj. 天生的 n. (Born)人名；(柬)邦；(英、西、俄、捷、德、瑞典、匈)博恩</translate><title>新课标b.xml</title></words><words><word>borrow</word><translate>vi. 借；借用；从其他语言中引入 vt. 借；借用 n. (Borrow)人名；(英)博罗</translate><title>新课标b.xml</title></words><words><word>boss</word><translate>n. 老板；首领；工头 vt. 指挥，调遣；当…的领导 vi. 当首领，发号施令 n. (Boss)人名；(英、法、德、西、瑞典)博斯</translate><title>新课标b.xml</title></words><words><word>botanical</word><translate>adj. 植物学的 n. 植物性药材</translate><title>新课标b.xml</title></words><words><word>botany</word><translate>n. 植物学；地区植物总称</translate><title>新课标b.xml</title></words><words><word>bother</word><translate>vt. 烦扰，打扰；使……不安；使……恼怒 vi. 操心，麻烦；烦恼 n. 麻烦；烦恼</translate><title>新课标b.xml</title></words><words><word>bottle</word><translate>n. 瓶子；一瓶的容量 vt. 控制；把…装入瓶中 vi. （街头艺人演出后）收拢钱币</translate><title>新课标b.xml</title></words><words><word>bottom</word><translate>n. 底部；末端；臀部；尽头 adj. 底部的 vt. 装底；测量深浅；查明真相 vi. 到达底部；建立基础 n. (Bottom)人名；(英)博顿</translate><title>新课标b.xml</title></words><words><word>bounce</word><translate>n. 跳；弹力；活力 vt. 弹跳；使弹起 vi. 弹跳；弹起，反跳；弹回</translate><title>新课标b.xml</title></words><words><word>bound</word><translate>adj. 有义务的；必定的；受约束的；装有封面的 vt. 束缚；使跳跃 n. 范围；跳跃 vi. 限制；弹起</translate><title>新课标b.xml</title></words><words><word>doundary</word><translate>dentary:adj. 牙齿的；有齿的 | n. 齿骨 denary:adj. 十的；十进制的</translate><title>新课标b.xml</title></words><words><word>bow</word><translate>n. 弓；鞠躬；船首 vi. 鞠躬；弯腰 vt. 鞠躬；弯腰 adj. 弯曲的 n. (Bow)人名；(东南亚国家华语)茂；(英)鲍</translate><title>新课标b.xml</title></words><words><word>bowl</word><translate>n. 碗；木球；大酒杯 vi. 玩保龄球；滑动；平稳快速移动 vt. 投球；旋转；平稳快速移动</translate><title>新课标b.xml</title></words><words><word>bowling</word><translate>n. 滚木球戏；保龄球戏 v. 打保龄球（bowl的现在分词） n. (Bowling)人名；(英)鲍林</translate><title>新课标b.xml</title></words><words><word>box</word><translate>n. 箱，盒子；包厢；一拳 vi. 拳击 vt. 拳击；装…入盒中；打耳光 n. (Box)人名；(英、法、西)博克斯</translate><title>新课标b.xml</title></words><words><word>boxing</word><translate>n. 拳击；装箱；围模；做箱的材料 v. 将…装入盒中（box的ing形式）</translate><title>新课标b.xml</title></words><words><word>boycott</word><translate>vt. 联合抵制；拒绝参加 n. 联合抵制 n. (Boycott)人名；(英)博伊科特</translate><title>新课标b.xml</title></words><words><word>brain</word><translate>n. 头脑，智力；脑袋 vt. 猛击…的头部 n. (Brain)人名；(英)布雷恩</translate><title>新课标b.xml</title></words><words><word>brake</word><translate>vi. 刹车 n. 闸，刹车；阻碍 vt. 刹车 n. (Brake)人名；(英)布雷克；(德)布拉克</translate><title>新课标b.xml</title></words><words><word>branch</word><translate>vt. 分支；出现分歧 vi. 分支；出现分歧 n. 树枝，分枝；分部；支流 n. (Branch)人名；(英)布兰奇</translate><title>新课标b.xml</title></words><words><word>brand</word><translate>vt. 铭刻于，铭记；打烙印于；印…商标于 n. 商标，牌子；烙印 n. (Brand)人名；(英、德、俄、西、意、罗、葡、捷、芬、瑞典、匈)布兰德；(法)布朗</translate><title>新课标b.xml</title></words><words><word>brave</word><translate>adj. 勇敢的；华丽的 vt. 勇敢地面对 n. 勇士 n. (Brave)人名；(英)布雷夫；(俄)布拉韦</translate><title>新课标b.xml</title></words><words><word>bravery</word><translate>n. 勇敢；勇气 n. (Bravery)人名；(英)布雷弗里；(法)布拉韦里</translate><title>新课标b.xml</title></words><words><word>bread</word><translate>n. 面包；生计 vt. 在…上洒面包屑</translate><title>新课标b.xml</title></words><words><word>break</word><translate>vi. 打破；折断；弄坏；削弱 vt. （使）破；打破（纪录）；（常指好天气）突变；开始 vi. （嗓音）突变；突破；破晓；（价格）突然下跌 n. 破裂；间断；（持续一段时间的状况的）改变；间歇</translate><title>新课标b.xml</title></words><words><word>breakfast</word><translate>n. 早餐；早饭 vi. 吃早餐 vt. 为…供应早餐</translate><title>新课标b.xml</title></words><words><word>breakthrough</word><translate>n. 突破；突破性进展</translate><title>新课标b.xml</title></words><words><word>breast</word><translate>n. 乳房，胸部；胸怀；心情 vt. 以胸对着；与…搏斗</translate><title>新课标b.xml</title></words><words><word>breath</word><translate>n. 呼吸，气息；一口气，（呼吸的）一次；瞬间，瞬息；微风；迹象；无声音，气音</translate><title>新课标b.xml</title></words><words><word>breathe</word><translate>vi. 呼吸；低语；松口气；（风）轻拂 vt. 呼吸；使喘息；流露；低声说</translate><title>新课标b.xml</title></words><words><word>breathless</word><translate>adj. 喘不过气来的；停止呼吸的</translate><title>新课标b.xml</title></words><words><word>brewery</word><translate>n. 啤酒厂</translate><title>新课标b.xml</title></words><words><word>brick</word><translate>n. 砖，砖块；砖形物；心肠好的人 vt. 用砖砌 adj. 用砖做的；似砖的 n. (Brick)人名；(英、法、瑞典)布里克</translate><title>新课标b.xml</title></words><words><word>bride</word><translate>n. 新娘；姑娘，女朋友 n. (Bride)人名；(英)布赖德；(法)布里德</translate><title>新课标b.xml</title></words><words><word>bridegroom</word><translate>n. 新郎</translate><title>新课标b.xml</title></words><words><word>bridge</word><translate>n. 桥；桥牌；桥接器；船桥 vt. 架桥；渡过 n. (Bridge)人名；(英)布里奇</translate><title>新课标b.xml</title></words><words><word>brief</word><translate>adj. 简短的，简洁的；短暂的，草率的 n. 摘要，简报；概要，诉书 vt. 简报，摘要；作…的提要 n. (Brief)人名；(英)布里夫</translate><title>新课标b.xml</title></words><words><word>bright</word><translate>adj. 明亮的，鲜明的；聪明的；愉快的 adv. 明亮地；光明地；欢快地 n. 车头灯光 n. (Bright)人名；(英)布赖特</translate><title>新课标b.xml</title></words><words><word>brilliant</word><translate>adj. 灿烂的，闪耀的；杰出的；有才气的；精彩的，绝妙的</translate><title>新课标b.xml</title></words><words><word>bring</word><translate>vt. 拿来；带来；促使；引起；使某人处于某种情况或境地 n. (Bring)人名；(英、瑞典)布林</translate><title>新课标b.xml</title></words><words><word>broad</word><translate>adj. 宽的，辽阔的；显著的；大概的 n. 宽阔部分 adv. 宽阔地 n. (Broad)人名；(英、德)布罗德</translate><title>新课标b.xml</title></words><words><word>broadcast</word><translate>vt. 播送，播放；（无线电或电视）广播；播撒（种子） vi. 广播，播送；播放 n. 广播；播音；广播节目 adj. 广播的</translate><title>新课标b.xml</title></words><words><word>brochure</word><translate>n. 手册，小册子 n. (Brochure)人名；(法)布罗许尔</translate><title>新课标b.xml</title></words><words><word>broken</word><translate>adj. 破碎的；坏掉的 v. 折断；打碎；损坏（break的过去分词）</translate><title>新课标b.xml</title></words><words><word>broom</word><translate>n. 扫帚；金雀花 vt. 扫除 vi. 桩顶开花或开裂 n. (Broom)人名；(英)布鲁姆</translate><title>新课标b.xml</title></words><words><word>brother</word><translate>n. 兄弟；同事；战友 int. 我的老兄！ n. (Brother)人名；(英)布拉泽</translate><title>新课标b.xml</title></words><words><word>brown</word><translate>adj. 棕色的，褐色的；太阳晒黑的 vi. 变成褐色 n. 褐色，棕色 vt. 使变成褐色 n. (Brown)人名；(英、意、芬、捷、德、法、西、葡)布朗</translate><title>新课标b.xml</title></words><words><word>brunch</word><translate>n. 早午餐</translate><title>新课标b.xml</title></words><words><word>brush</word><translate>n. 刷子；画笔；毛笔；争吵；与某人有效冲突；灌木丛地带；矮树丛；狐狸尾巴 vt. 刷；画； vi. 刷；擦过；掠过；（经过时）轻触</translate><title>新课标b.xml</title></words><words><word>Buddhism</word><translate>n. 佛教</translate><title>新课标b.xml</title></words><words><word>budget</word><translate>n. 预算，预算费 vt. 安排，预定；把…编入预算 vi. 编预算，做预算 adj. 廉价的</translate><title>新课标b.xml</title></words><words><word>buffet</word><translate>n. 自助餐；小卖部；打击；猛烈冲击 vt. 与…搏斗；连续猛击 vi. 斗争；奋勇前进 adj. 自助的；自助餐的 n. (Buffet)人名；(法)比费</translate><title>新课标b.xml</title></words><words><word>build</word><translate>vt. 建立；建筑 vi. 建筑；建造 n. 构造；体形；体格</translate><title>新课标b.xml</title></words><words><word>building</word><translate>n. 建筑；建筑物 v. 建筑；建立；增加（build的ing形式）</translate><title>新课标b.xml</title></words><words><word>bunch</word><translate>n. 群；串；突出物 vi. 隆起；打褶；形成一串 vt. 使成一串；使打褶 n. (Bunch)人名；(英)邦奇</translate><title>新课标b.xml</title></words><words><word>bungalow</word><translate>n. 平房；小屋</translate><title>新课标b.xml</title></words><words><word>burden</word><translate>n. 负担；责任；船的载货量 vt. 使负担；烦扰；装货于 n. (Burden)人名；(英)伯登</translate><title>新课标b.xml</title></words><words><word>bureaucratic</word><translate>adj. 官僚的；官僚政治的</translate><title>新课标b.xml</title></words><words><word>burglar</word><translate>n. 夜贼，窃贼</translate><title>新课标b.xml</title></words><words><word>burn</word><translate>vt. 燃烧；烧毁，灼伤；激起…的愤怒 vi. 燃烧；烧毁；发热 n. 灼伤，烧伤；烙印 n. (Burn)人名；(英)伯恩</translate><title>新课标b.xml</title></words><words><word>burst</word><translate>vi. 爆发，突发；爆炸 vt. 爆发，突发；爆炸 n. 爆发，突发；爆炸 n. (Burst)人名；(德、罗)布尔斯特</translate><title>新课标b.xml</title></words><words><word>bury</word><translate>vt. 埋葬；隐藏 n. (Bury)人名；(法)比里；(英、西)伯里；(德、意、罗、波、捷、匈)布里；(俄)布雷</translate><title>新课标b.xml</title></words><words><word>bus</word><translate>n. 公共汽车 乘公共汽车</translate><title>新课标b.xml</title></words><words><word>bush</word><translate>n. 灌木；矮树丛 vt. 以灌木装饰；使…精疲力竭 vi. 丛生；浓密地生长 adj. 如灌木般长得低矮的；粗野的</translate><title>新课标b.xml</title></words><words><word>business</word><translate>n. 商业；[贸易] 生意；[贸易] 交易；事情</translate><title>新课标b.xml</title></words><words><word>businessman</word><translate>n. 商人</translate><title>新课标b.xml</title></words><words><word>businesswoman</word><translate>n. 女商人</translate><title>新课标b.xml</title></words><words><word>busy</word><translate>adj. 忙碌的；热闹的；正被占用的 vt. 使忙于 n. (Busy)人名；(匈)布希；(法)比西</translate><title>新课标b.xml</title></words><words><word>butcher</word><translate>vt. 屠杀 n. 屠夫 n. (Butcher)人名；(英)布彻</translate><title>新课标b.xml</title></words><words><word>butter</word><translate>vt. 涂黄油于；讨好 n. 黄油；奶油；奉承话 n. (Butter)人名；(英)巴特；(德、匈)布特</translate><title>新课标b.xml</title></words><words><word>butterfly</word><translate>n. 蝴蝶；蝶泳；举止轻浮的人；追求享乐的人</translate><title>新课标b.xml</title></words><words><word>button</word><translate>n. 按钮；纽扣 vt. 扣住；扣紧；在…上装纽扣 vi. 扣住；装有纽扣；扣上纽扣 n. (Button)人名；(英)巴顿</translate><title>新课标b.xml</title></words><words><word>bye</word><translate>int. 再见 n. 轮空；次要的东西 adj. 次要的 n. (Bye)人名；(挪)比埃；(中)拜(广东话·威妥玛)；(英)拜伊；(瑞典)比耶</translate><title>新课标b.xml</title></words></wordlist>